Date,Time,"Virtual Memory Committed [MB]","Virtual Memory Available [MB]","Virtual Memory Load [%]","Physical Memory Used [MB]","Physical Memory Available [MB]","Physical Memory Load [%]","Page File Usage [%]","Core VIDs (avg) [V]","Core 0 VID [V]","Core 1 VID [V]","Core 2 VID [V]","Core 3 VID [V]","Core 4 VID [V]","Core 5 VID [V]","Core Clocks (avg) [MHz]","Core 0 Clock [MHz]","Core 1 Clock [MHz]","Core 2 Clock [MHz]","Core 3 Clock [MHz]","Core 4 Clock [MHz]","Core 5 Clock [MHz]","Bus Clock [MHz]","Core Effective Clocks (avg) [MHz]","Core 0 T0 Effective Clock [MHz]","Core 0 T1 Effective Clock [MHz]","Core 1 T0 Effective Clock [MHz]","Core 1 T1 Effective Clock [MHz]","Core 2 T0 Effective Clock [MHz]","Core 2 T1 Effective Clock [MHz]","Core 3 T0 Effective Clock [MHz]","Core 3 T1 Effective Clock [MHz]","Core 4 T0 Effective Clock [MHz]","Core 4 T1 Effective Clock [MHz]","Core 5 T0 Effective Clock [MHz]","Core 5 T1 Effective Clock [MHz]","Average Effective Clock [MHz]","Core Usage (avg) [%]","Core 0 T0 Usage [%]","Core 0 T1 Usage [%]","Core 1 T0 Usage [%]","Core 1 T1 Usage [%]","Core 2 T0 Usage [%]","Core 2 T1 Usage [%]","Core 3 T0 Usage [%]","Core 3 T1 Usage [%]","Core 4 T0 Usage [%]","Core 4 T1 Usage [%]","Core 5 T0 Usage [%]","Core 5 T1 Usage [%]","Max CPU/Thread Usage [%]","Total CPU Usage [%]","Core Utility (avg) [%]","Core 0 T0 Utility [%]","Core 0 T1 Utility [%]","Core 1 T0 Utility [%]","Core 1 T1 Utility [%]","Core 2 T0 Utility [%]","Core 2 T1 Utility [%]","Core 3 T0 Utility [%]","Core 3 T1 Utility [%]","Core 4 T0 Utility [%]","Core 4 T1 Utility [%]","Core 5 T0 Utility [%]","Core 5 T1 Utility [%]","Total CPU Utility [%]","Core Ratios (avg) [x]","Core 0 Ratio [x]","Core 1 Ratio [x]","Core 2 Ratio [x]","Core 3 Ratio [x]","Core 4 Ratio [x]","Core 5 Ratio [x]","Package C6 Residency [%]","Core C0 Residency (avg) [%]","Core 0 C0 Residency [%]","Core 1 C0 Residency [%]","Core 2 C0 Residency [%]","Core 3 C0 Residency [%]","Core 4 C0 Residency [%]","Core 5 C0 Residency [%]","Core C1 Residency (avg) [%]","Core 0 C1 Residency [%]","Core 1 C1 Residency [%]","Core 2 C1 Residency [%]","Core 3 C1 Residency [%]","Core 4 C1 Residency [%]","Core 5 C1 Residency [%]","Core C6 Residency (avg) [%]","Core 0 C6 Residency [%]","Core 1 C6 Residency [%]","Core 2 C6 Residency [%]","Core 3 C6 Residency [%]","Core 4 C6 Residency [%]","Core 5 C6 Residency [%]","Memory Clock [MHz]","Memory Clock Ratio [x]","Tcas [T]","Trcd [T]","Trp [T]","Tras [T]","Trc [T]","Trfc [T]","Command Rate [T]","CPU (Tctl/Tdie) [°C]","CPU Die (average) [°C]","Core Temperatures (avg) [°C]","Core0 (Die1) [°C]","Core1 (Die1) [°C]","Core2 (Die1) [°C]","Core4 (Die1) [°C]","Core5 (Die1) [°C]","Core6 (Die1) [°C]","L3 Temperatures (avg) [°C]","L3 Cache (Die1:CCX1) [°C]","L3 Cache (Die1:CCX2) [°C]","CPU Core Voltage (SVI2 TFN) [V]","SoC Voltage (SVI2 TFN) [V]","CPU Core VID (Effective) [V]","CPU Core Current (SVI2 TFN) [A]","SoC Current (SVI2 TFN) [A]","CPU TDC [A]","CPU Package Power [W]","Core Powers (avg) [W]","Core 0 Power [W]","Core 1 Power [W]","Core 2 Power [W]","Core 3 Power [W]","Core 4 Power [W]","Core 5 Power [W]","CPU Core Power (SVI2 TFN) [W]","CPU SoC Power (SVI2 TFN) [W]","Core+SoC Power (SVI2 TFN) [W]","CPU PPT [W]","Infinity Fabric Clock (FCLK) [MHz]","Memory Controller Clock (UCLK) [MHz]","L3 Clocks (avg) [MHz]","L3 Cache (Die1:CCX1) [MHz]","L3 Cache (Die1:CCX2) [MHz]","CPU PPT Limit [%]","CPU TDC Limit [%]","Thermal Limit [%]","Power Reporting Deviation (Accuracy) [%]","Thermal Throttling (HTC) [Yes/No]","Thermal Throttling (PROCHOT CPU) [Yes/No]","Thermal Throttling (PROCHOT EXT) [Yes/No]","Motherboard [°C]","CPU [°C]","AUXTIN2 [°C]","CPU (PECI) [°C]","Vcore [V]","VIN1 [V]","+3.3V (AVCC) [V]","+3.3V (3VCC) [V]","+12V [V]","VCOREREFIN [V]","VIN4 [V]","3VSB [V]","VBAT [V]","VIN5 [V]","VIN6 [V]","+5V [V]","VIN3 [V]","VIN7 [V]","CPU1 [RPM]","Chassis Intrusion [Yes/No]","Drive Temperature [°C]","Drive Airflow Temperature [°C]","Drive Failure [Yes/No]","Drive Warning [Yes/No]","Total Host Writes [GB]","Total Host Reads [GB]","Drive Temperature [°C]","Drive Remaining Life [%]","Drive Failure [Yes/No]","Drive Warning [Yes/No]","Total Host Writes [GB]","Total Host Reads [GB]","Read Activity [%]","Write Activity [%]","Total Activity [%]","Read Rate [MB/s]","Write Rate [MB/s]","Read Total [MB]","Write Total [MB]","Read Activity [%]","Write Activity [%]","Total Activity [%]","Read Rate [MB/s]","Write Rate [MB/s]","Read Total [MB]","Write Total [MB]","GPU Temperature [°C]","GPU Hot Spot Temperature [°C]","GPU Thermal Limit [°C]","GPU Core Voltage [V]","GPU Rail Voltages (avg) [V]","GPU PCIe +12V Input Voltage [V]","GPU 6-pin #1 Input Voltage [V]","GPU Fan [RPM]","GPU Power [W]","GPU Rail Powers (avg) [W]","GPU Core (NVVDD) Input Power (sum) [W]","GPU PCIe +12V Input Power [W]","GPU 6-pin #1 Input Power [W]","GPU Input PP Source Power (sum) [W]","GPU Core (NVVDD) Output Power [W]","GPU Core (NVVDD) Output Power [W]","GPU Clock [MHz]","GPU Memory Clock [MHz]","GPU Video Clock [MHz]","GPU Effective Clock [MHz]","GPU Core Load [%]","GPU Memory Controller Load [%]","GPU Video Engine Load [%]","GPU Bus Load [%]","GPU Memory Usage [%]","GPU D3D Usages (avg) [%]","GPU D3D Usage [%]","GPU Video Decode 0 Usage [%]","GPU Video Encode 0 Usage [%]","GPU VR Usage [%]","GPU Fan [%]","GPU Performance Limiters (avg) [Yes/No]","Performance Limit - Power [Yes/No]","Performance Limit - Thermal [Yes/No]","Performance Limit - Reliability Voltage [Yes/No]","Performance Limit - Max Operating Voltage [Yes/No]","Performance Limit - Utilization [Yes/No]","Performance Limit - SLI GPUBoost Sync [Yes/No]","Total GPU Power (normalized) [% of TDP] [%]","Total GPU Power [% of TDP] [%]","GPU Memory Allocated [MB]","GPU D3D Memory Dedicated [MB]","GPU D3D Memory Dynamic [MB]","PCIe Link Speed [GT/s]","Total DL [MB]","Total UP [MB]","Current DL rate [KB/s]","Current UP rate [KB/s]","Total Errors []",
26.12.2023,0:29:22.531,21760,12987,62.6,14698,1617,90.0,4.8,1.125,1.125,1.125,1.125,1.125,1.125,1.125,3393.9,3393.9,3393.9,3393.9,3393.9,3393.9,3393.9,99.8,1600.3,2464.2,1335.3,1735.6,1215.8,1589.4,1624.5,1809.1,1481.4,1828.8,1177.3,1596.0,1345.8,1600.3,6.4,55.8,0.0,1.5,1.5,4.6,0.7,0.7,6.2,0.7,1.5,2.3,1.5,55.8,6.4,47.5,59.9,40.6,52.9,36.6,48.1,49.4,55.6,45.8,55.9,36.1,48.6,41.1,47.5,34.0,34.0,34.0,34.0,34.0,34.0,34.0,0.0,74.2,72.5,72.0,77.4,80.7,76.5,66.0,20.7,20.8,26.2,21.2,16.8,19.2,19.8,5.8,7.4,2.1,1.5,2.6,4.4,16.6,1064.7,10.67,15,15,15,36,51,374,1,53.0,52.7,50.8,51.8,50.3,51.2,50.9,50.7,50.0,49.2,49.5,48.9,1.112,0.837,1.138,17.337,6.269,20.976,40.356,3.774,3.858,3.558,3.852,4.006,3.752,3.619,23.442,8.039,31.481,40.448,1066.7,1064.7,3400.2,3400.2,3400.2,46.1,35.0,55.5,103.0,No,No,No,39.0,50.0,22.0,40.0,1.120,1.264,3.376,3.360,12.038,0.848,1.216,3.456,3.280,0.936,1.064,5.040,0.328,1.848,2146,No,41,41,No,No,62037,84517,48,80.0,No,No,57288,39907,57.1,0.0,57.1,3.642,0.000,304725,16985,3.7,1.0,4.7,1.514,0.743,55634,169470,64.6,72.6,83.0,1.044,12.064,12.024,12.104,1262,68.191,28.489,46.476,32.705,34.860,21.713,5.340,29.843,1911.0,2003.4,1708.5,1910.4,46.0,23.0,9.0,1.0,78.2,12.7,42.2,0.0,8.6,0.0,36,Yes,No,No,Yes,No,No,No,53.6,52.3,2403,2317,91,8.0,10815,53720,115.493,1412.573,0,
26.12.2023,0:29:24.607,21769,12977,62.6,14691,1624,90.0,4.8,1.124,1.138,1.131,1.119,1.119,1.119,1.119,3393.9,3393.9,3393.9,3393.9,3393.9,3393.9,3393.9,99.8,1720.8,2326.4,1558.8,2108.1,1328.0,1798.6,1783.5,1939.2,1464.2,1884.6,1355.2,1733.8,1369.4,1720.8,4.8,46.0,0.0,2.3,0.0,1.5,0.7,0.0,0.7,1.5,1.5,1.5,1.5,46.0,4.8,52.0,62.5,47.6,65.1,40.1,55.1,54.7,59.8,45.0,58.0,41.4,53.2,41.5,52.0,34.0,34.0,34.0,34.0,34.0,34.0,34.0,0.0,77.9,68.4,80.8,82.2,80.3,77.8,77.6,18.4,17.4,18.7,17.2,18.4,18.7,20.1,4.1,16.3,0.5,0.5,1.3,3.6,2.4,1064.7,10.67,15,15,15,36,51,374,1,53.0,52.7,50.9,52.1,51.0,51.5,50.6,50.7,49.7,49.3,49.6,48.9,1.125,0.837,1.131,17.710,6.407,21.497,41.068,3.867,4.005,3.973,4.050,3.790,3.798,3.584,23.995,8.093,32.088,41.158,1066.7,1064.7,3399.9,3399.9,3399.9,46.9,35.8,55.5,103.0,No,No,No,39.0,50.0,22.0,40.0,1.120,1.264,3.376,3.376,12.038,0.848,1.216,3.456,3.280,0.936,1.064,5.064,0.328,1.848,2136,No,41,41,No,No,62037,84517,48,80.0,No,No,57288,39907,63.7,0.1,63.8,3.056,0.012,304731,16985,3.2,3.4,6.7,0.882,2.777,55636,169476,64.5,72.5,83.0,1.044,12.072,12.032,12.112,1271,61.181,42.925,40.693,30.032,30.522,20.487,107.642,28.176,1911.0,2003.4,1708.5,1900.2,45.0,22.0,10.0,1.0,78.2,13.2,43.2,0.0,9.6,0.0,36,Yes,No,No,Yes,No,No,No,55.5,51.0,2403,2317,91,8.0,10815,53722,105.585,1075.579,0,
26.12.2023,0:29:26.531,21795,12951,62.7,14709,1606,90.1,4.8,1.129,1.125,1.125,1.131,1.131,1.131,1.131,3393.9,3393.9,3393.9,3393.9,3393.9,3393.9,3393.9,99.8,1450.9,2616.2,1225.4,1724.2,949.8,1316.2,1754.9,1626.5,1105.1,1688.2,916.7,1367.4,1120.7,1450.9,3.8,43.7,0.7,0.0,0.0,0.0,0.0,0.0,0.0,0.0,0.0,0.0,0.7,43.7,3.8,41.7,56.1,36.8,51.7,27.8,39.3,53.5,49.1,33.5,50.7,27.5,40.7,33.7,41.7,34.0,34.0,34.0,34.0,34.0,34.0,34.0,0.0,72.8,76.9,70.8,77.3,72.3,71.1,68.7,23.6,22.6,27.4,20.7,22.5,23.5,25.1,3.7,0.5,1.8,2.0,5.6,5.5,6.6,1064.7,10.67,15,15,15,36,51,374,1,53.0,52.2,50.2,51.5,50.0,51.1,49.9,49.9,49.0,49.0,49.4,48.6,1.125,0.837,1.138,16.054,6.255,18.981,38.134,3.418,3.723,3.335,3.746,3.329,3.285,3.091,21.259,8.053,29.312,38.206,1066.7,1064.7,3400.5,3400.5,3400.5,43.5,31.6,55.0,103.1,No,No,No,39.0,50.0,23.0,40.0,1.120,1.264,3.360,3.360,12.038,0.848,1.216,3.456,3.280,0.936,1.064,5.064,0.328,1.848,2146,No,41,41,No,No,62037,84517,48,80.0,No,No,57288,39907,11.7,0.0,11.7,4.429,0.000,304740,16985,0.7,2.3,3.0,0.425,3.411,55637,169482,64.9,72.9,83.0,1.044,12.068,12.024,12.112,1278,65.167,27.291,43.600,31.840,32.702,21.568,5.435,28.601,1911.0,2003.4,1708.5,1900.1,45.0,22.0,10.0,1.0,78.2,12.8,41.9,0.0,9.4,0.0,36,Yes,No,No,Yes,No,No,No,49.9,51.9,2403,2317,91,8.0,10816,53725,123.337,1331.333,0,
26.12.2023,0:29:28.620,21803,12944,62.7,14704,1611,90.1,4.8,1.120,1.138,1.119,1.119,1.119,1.119,1.106,3393.9,3393.9,3393.9,3393.9,3393.9,3393.9,3393.9,99.8,1458.0,2662.3,1202.6,1744.7,971.1,1371.4,1713.0,1615.5,1075.6,1681.3,961.1,1399.8,1097.6,1458.0,4.6,49.6,0.7,1.5,0.0,0.0,0.7,0.7,0.0,0.0,1.5,0.0,0.0,49.6,4.6,41.9,57.9,36.1,52.9,28.6,40.8,51.5,48.3,32.4,50.7,28.9,41.5,33.0,41.9,34.0,34.0,34.0,34.0,34.0,34.0,34.0,0.0,73.7,78.3,72.0,78.4,72.5,72.0,69.2,22.8,21.4,26.4,19.6,22.1,23.7,23.8,3.7,0.3,1.6,1.9,5.7,4.7,7.8,1064.7,10.67,15,15,15,36,51,374,1,53.0,52.3,50.3,51.6,50.1,51.0,49.8,50.1,49.0,49.0,49.4,48.7,1.119,0.837,1.138,16.187,6.231,19.227,38.401,3.464,3.742,3.384,3.783,3.307,3.419,3.149,21.518,8.052,29.571,38.477,1066.7,1064.7,3400.2,3400.2,3400.2,43.8,32.0,55.0,103.1,No,No,No,39.0,50.0,23.0,40.0,1.168,1.264,3.376,3.360,12.038,0.848,1.216,3.456,3.280,0.936,1.064,5.064,0.328,1.848,2146,No,41,41,No,No,62037,84517,48,80.0,No,No,57288,39907,9.3,0.0,9.3,4.006,0.006,304747,16985,0.8,3.2,4.0,0.342,5.426,55637,169492,64.9,72.9,83.0,1.044,12.064,12.016,12.112,1278,61.044,26.115,41.015,30.953,30.764,21.331,5.441,27.186,1911.0,2003.4,1708.5,1901.4,44.0,21.0,10.0,1.0,78.2,12.3,39.5,0.0,9.6,0.0,36,Yes,No,No,Yes,No,No,No,49.3,50.9,2403,2317,91,8.0,10816,53727,116.194,1200.957,0,
26.12.2023,0:29:30.602,21453,13293,61.7,14530,1785,89.0,4.8,1.120,1.125,1.119,1.119,1.119,1.119,1.119,3393.9,3393.9,3393.9,3393.9,3393.9,3393.9,3393.9,99.8,1458.1,2597.8,1194.4,1670.8,1015.6,1286.9,1722.6,1671.0,1105.0,1631.2,956.9,1376.4,1268.6,1458.1,4.0,39.8,1.5,0.0,0.0,1.5,0.7,0.7,0.0,0.0,0.0,0.7,3.1,39.8,4.0,42.1,56.0,36.0,50.3,29.9,38.3,52.4,50.6,33.5,49.5,28.8,41.5,38.3,42.1,34.0,34.0,34.0,34.0,34.0,34.0,34.0,0.0,72.7,76.4,68.9,76.0,73.4,69.6,72.1,23.5,23.4,27.9,21.3,22.1,24.0,22.0,4.0,0.2,3.3,2.8,4.8,6.8,6.2,1064.7,10.67,15,15,15,36,51,374,1,53.0,52.1,50.2,51.4,50.0,50.8,49.9,49.8,49.2,48.9,49.2,48.6,1.112,0.837,1.138,16.115,6.217,18.973,38.086,3.419,3.640,3.341,3.626,3.359,3.259,3.287,21.244,8.039,29.282,38.168,1066.7,1064.7,3401.0,3401.0,3401.0,43.5,31.6,54.9,103.1,No,No,No,39.0,50.0,23.0,40.0,1.120,1.264,3.376,3.376,12.038,0.848,1.216,3.440,3.280,0.936,1.064,5.064,0.328,1.848,2139,No,41,41,No,No,62037,84517,48,80.0,No,No,57288,39907,3.8,0.0,3.9,3.466,0.002,304754,16985,0.1,1.3,1.4,0.048,2.441,55637,169497,65.4,73.4,83.0,1.044,12.068,12.024,12.112,1280,63.966,26.994,43.276,30.878,32.460,20.689,5.504,29.158,1911.0,2003.4,1708.5,1900.5,49.0,22.0,11.0,1.0,78.2,13.3,42.9,0.0,10.2,0.0,36,Yes,No,No,Yes,No,No,No,54.0,57.9,2403,2317,91,8.0,10816,53729,110.168,1167.894,0,
26.12.2023,0:29:32.570,21478,13269,61.8,14533,1782,89.0,4.8,1.113,1.113,1.113,1.113,1.113,1.113,1.113,3393.9,3393.9,3393.9,3393.9,3393.9,3393.9,3393.9,99.8,1451.6,2570.3,1133.8,1677.9,972.0,1335.4,1630.3,1582.9,1219.7,1581.1,1086.7,1462.6,1166.8,1451.6,4.6,48.0,0.0,0.7,0.0,0.7,0.7,0.0,1.5,0.7,0.0,1.5,1.5,48.0,4.6,42.1,55.7,34.2,51.0,28.6,40.0,49.7,47.9,36.9,48.1,32.7,44.3,35.7,42.1,34.0,34.0,34.0,34.0,34.0,34.0,34.0,0.0,72.4,75.6,68.7,74.3,72.7,70.9,72.1,23.8,24.0,29.5,23.3,21.5,22.0,22.2,4.0,0.4,1.8,2.5,6.0,7.2,5.8,1064.7,10.67,15,15,15,36,51,374,1,53.0,52.1,50.1,51.3,49.9,50.7,49.9,49.9,49.2,48.9,49.2,48.6,1.112,0.837,1.138,15.878,6.220,18.799,37.901,3.388,3.680,3.265,3.563,3.345,3.284,3.193,21.056,8.038,29.094,37.960,1066.7,1064.7,3400.4,3400.4,3400.4,43.3,31.3,54.8,103.0,No,No,No,39.0,50.0,23.0,40.0,1.120,1.264,3.376,3.376,12.038,0.848,1.216,3.456,3.280,0.936,1.064,5.064,0.328,1.848,2146,No,41,41,No,No,62037,84517,48,80.0,No,No,57288,39907,5.6,0.0,5.6,3.441,0.010,304761,16985,1.2,4.6,5.8,0.751,5.856,55639,169508,65.1,73.1,83.0,1.044,12.072,12.032,12.112,1284,63.016,26.177,41.984,30.898,31.491,21.030,5.467,26.191,1911.0,2003.4,1708.5,1900.9,42.0,21.0,10.0,1.0,78.2,12.2,39.5,0.0,9.4,0.0,36,Yes,No,No,Yes,No,No,No,50.3,50.5,2403,2317,91,8.0,10816,53732,122.336,1156.848,0,
26.12.2023,0:29:34.572,21498,13249,61.8,14547,1768,89.1,4.8,1.119,1.119,1.119,1.119,1.119,1.119,1.119,3393.9,3393.9,3393.9,3393.9,3393.9,3393.9,3393.9,99.8,1279.5,2456.1,959.8,1516.7,832.4,1021.2,1627.5,1532.8,980.5,1455.0,821.6,1155.3,995.1,1279.5,3.4,36.4,0.0,1.5,0.0,0.0,0.0,0.0,0.0,0.0,0.7,0.7,1.5,36.4,3.4,36.7,52.7,28.9,45.4,24.4,30.2,49.7,46.4,29.8,44.0,24.9,34.5,30.1,36.7,34.0,34.0,34.0,34.0,34.0,34.0,34.0,0.0,66.7,72.2,64.5,69.8,68.8,64.7,60.3,27.5,27.2,32.4,25.8,23.9,27.0,28.7,6.1,0.7,3.1,4.7,7.7,8.6,11.9,1064.7,10.67,15,15,15,36,51,374,1,52.8,51.8,49.7,51.0,49.6,50.5,49.5,49.4,48.5,48.8,49.1,48.4,1.125,0.837,1.138,15.041,6.144,17.145,35.929,3.088,3.414,2.992,3.320,3.084,2.961,2.757,19.224,8.010,27.234,36.025,1066.7,1064.7,3400.4,3400.4,3400.4,41.1,28.6,54.5,103.2,No,No,No,39.0,50.0,23.0,40.0,1.120,1.264,3.376,3.360,12.038,0.848,1.216,3.456,3.280,0.936,1.064,5.064,0.328,1.848,2146,No,41,41,No,No,62037,84517,48,80.0,No,No,57288,39907,45.5,1.3,46.9,2.503,0.016,304765,16985,1.0,1.7,2.7,0.307,2.636,55639,169513,65.1,73.1,83.0,1.044,12.068,12.016,12.120,1290,62.614,25.850,42.011,30.473,31.512,20.600,5.492,25.013,1911.0,2003.4,1708.5,1901.3,40.0,20.0,10.0,0.0,78.2,11.7,37.6,0.0,9.2,0.0,36,Yes,No,No,Yes,No,No,No,48.1,50.2,2403,2317,91,8.0,10817,53734,111.864,1256.524,0,
26.12.2023,0:29:36.714,21539,13208,61.9,14562,1753,89.2,4.8,1.119,1.119,1.119,1.119,1.119,1.113,1.125,3393.9,3393.9,3393.9,3393.9,3393.9,3393.9,3393.9,99.8,1327.4,2407.9,998.1,1557.1,895.8,1156.1,1664.9,1568.2,1039.3,1467.0,910.4,1215.3,1048.4,1327.4,3.4,33.5,0.0,1.5,0.0,3.9,0.0,0.7,0.7,0.0,0.7,0.0,0.0,33.5,3.4,38.4,52.3,30.0,46.9,26.5,34.7,51.1,47.6,31.5,44.5,27.7,36.4,31.7,38.4,34.0,34.0,34.0,34.0,34.0,34.0,34.0,0.0,68.1,70.8,66.0,72.1,68.8,65.9,64.8,27.2,28.8,31.4,24.8,24.5,26.5,27.5,4.9,0.4,2.6,3.5,6.9,7.9,7.9,1064.7,10.67,15,15,15,36,51,374,1,52.6,52.0,49.9,51.1,49.7,50.8,49.6,49.6,48.6,48.8,49.1,48.4,1.119,0.837,1.138,15.392,6.124,17.695,36.563,3.188,3.385,3.081,3.481,3.207,3.080,2.892,19.825,8.009,27.834,36.642,1066.7,1064.7,3400.5,3400.5,3400.5,41.8,29.5,54.7,103.2,No,No,No,39.0,50.0,23.0,40.0,1.120,1.264,3.376,3.376,12.038,0.848,1.216,3.456,3.280,0.936,1.064,5.064,0.328,1.848,2136,No,41,41,No,No,62037,84517,48,80.0,No,No,57288,39907,12.0,0.0,12.0,4.433,0.000,304774,16985,3.2,4.8,7.9,2.759,6.200,55645,169525,65.3,73.3,83.0,1.044,12.068,12.024,12.112,1290,61.697,30.012,41.662,29.820,31.249,20.034,31.127,26.184,1911.0,2003.4,1708.5,1901.5,41.0,20.0,8.0,1.0,78.3,11.5,37.0,0.0,8.9,0.0,36,Yes,No,No,Yes,No,No,No,51.9,51.4,2404,2318,91,8.0,10817,53736,133.193,1078.450,0,
26.12.2023,0:29:38.949,21559,13187,62.0,14575,1740,89.3,4.8,1.119,1.119,1.119,1.119,1.119,1.119,1.119,3393.9,3393.9,3393.9,3393.9,3393.9,3393.9,3393.9,99.8,1631.1,2818.5,1422.1,1868.0,1135.9,1593.4,1755.5,1814.1,1247.2,1849.6,1179.1,1630.9,1258.6,1631.1,3.2,0.7,0.7,1.5,0.0,32.0,0.0,0.0,1.5,0.0,1.5,0.7,0.0,32.0,3.2,47.5,62.6,43.0,57.0,33.8,47.9,52.9,55.3,38.0,56.7,35.6,49.1,37.9,47.5,34.0,34.0,34.0,34.0,34.0,34.0,34.0,0.0,79.2,82.9,77.0,82.0,78.5,78.0,76.9,18.8,16.9,21.5,17.1,19.0,18.6,19.7,2.1,0.2,1.6,1.0,2.8,3.6,3.4,1064.7,10.67,15,15,15,36,51,374,1,52.6,52.6,50.6,52.0,50.4,51.2,50.2,50.2,49.5,49.1,49.5,48.8,1.112,0.837,1.131,17.052,6.271,20.896,40.339,3.764,4.078,3.654,3.982,3.626,3.708,3.538,23.360,8.062,31.422,40.389,1066.7,1064.7,3400.1,3400.1,3400.1,46.0,34.8,55.3,103.0,No,No,No,39.0,50.0,23.0,40.0,1.120,1.264,3.376,3.376,12.038,0.848,1.216,3.456,3.280,0.936,1.064,5.064,0.328,1.848,2146,No,41,41,No,No,62037,84517,48,80.0,No,No,57288,39907,68.0,0.0,68.0,5.462,0.000,304784,16985,2.8,4.1,6.9,2.530,5.528,55650,169536,65.7,73.7,83.0,1.044,12.068,12.024,12.112,1296,62.614,26.400,42.631,30.012,31.976,19.983,5.561,28.241,1911.0,2003.4,1708.5,1901.3,45.0,21.0,8.0,1.0,78.3,12.0,38.0,0.0,9.9,0.0,37,Yes,No,No,Yes,No,No,No,48.1,53.8,2404,2318,91,8.0,10817,53739,123.671,1151.248,0,
26.12.2023,0:29:40.665,21612,13134,62.1,14605,1709,89.5,4.8,1.111,1.106,1.113,1.113,1.113,1.113,1.113,3393.9,3393.9,3393.9,3393.9,3393.9,3393.9,3393.9,99.8,1697.9,2809.0,1399.6,1960.7,1152.7,1664.3,1826.7,1876.7,1366.8,1999.6,1223.3,1854.8,1240.3,1697.9,3.4,0.7,0.7,0.0,0.7,31.2,0.7,0.7,2.3,0.7,0.7,0.7,1.5,31.2,3.4,49.1,65.7,41.8,59.8,34.1,49.4,54.5,55.9,41.2,59.2,36.5,54.7,36.8,49.1,34.0,34.0,34.0,34.0,34.0,34.0,34.0,0.0,80.7,82.6,78.2,84.4,80.4,79.6,79.2,17.5,15.5,20.8,15.0,17.6,17.4,18.4,1.9,2.4,1.2,0.5,2.0,3.0,2.3,1064.7,10.67,15,15,15,36,51,374,1,52.8,52.5,50.6,52.0,50.4,51.2,50.3,50.3,49.6,49.2,49.5,48.8,1.112,0.837,1.138,17.513,6.278,21.507,41.049,3.874,4.141,3.735,4.049,3.764,3.881,3.676,24.020,8.084,32.104,41.121,1066.7,1064.7,3400.1,3400.1,3400.1,46.9,35.8,55.3,103.0,No,No,No,39.0,50.0,22.0,40.0,1.120,1.264,3.376,3.376,12.038,0.848,1.216,3.440,3.280,0.936,1.064,5.040,0.328,1.848,2139,No,41,41,No,No,62037,84517,48,80.0,No,No,57288,39907,11.6,0.1,11.7,4.542,0.010,304793,16985,6.5,8.6,15.1,4.894,9.987,55659,169555,64.5,72.5,83.0,1.044,12.076,12.040,12.112,1297,68.821,23.234,37.142,29.667,27.858,21.011,5.411,18.316,1911.0,2003.4,1708.5,1901.4,12.0,7.0,9.0,0.0,77.0,10.2,30.8,0.0,10.0,0.0,37,Yes,No,No,Yes,No,No,No,46.5,57.4,2366,2280,93,8.0,10817,53741,127.907,1211.559,0,
26.12.2023,0:29:42.610,21687,13060,62.4,14627,1688,89.6,4.8,1.111,1.119,1.106,1.106,1.113,1.113,1.113,3393.9,3393.9,3393.9,3393.9,3393.9,3393.9,3393.9,99.8,2373.4,3151.0,2163.8,2480.8,2018.8,2344.9,2283.7,2485.6,2218.7,2412.3,2356.6,2369.9,2194.9,2373.4,6.3,0.7,0.7,0.7,1.5,56.2,2.3,2.3,2.3,0.0,3.1,1.5,3.8,56.2,6.3,72.2,78.5,67.0,77.1,62.3,73.0,71.0,77.6,69.2,75.3,73.6,73.7,68.2,72.2,34.0,34.0,34.0,34.0,34.0,34.0,34.0,0.0,91.8,92.7,90.9,91.8,91.5,92.6,91.6,8.2,7.3,9.1,8.2,8.5,7.4,8.4,0.0,0.0,0.0,0.0,0.0,0.0,0.0,1064.7,10.67,15,15,15,36,51,374,1,53.0,53.9,52.2,53.4,52.0,52.5,52.0,52.2,51.4,49.8,50.1,49.5,1.112,0.837,1.131,20.829,6.600,26.591,47.002,4.779,4.769,4.699,4.767,4.739,4.976,4.726,29.586,8.173,37.759,47.132,1066.7,1064.7,3399.9,3399.9,3399.9,53.7,44.3,56.8,102.7,No,No,No,39.0,50.0,23.0,40.0,1.120,1.264,3.376,3.376,12.091,0.848,1.216,3.456,3.280,0.936,1.064,5.064,0.328,1.848,2146,No,41,41,No,No,62037,84517,48,80.0,No,No,57288,39907,27.9,0.0,27.9,4.955,0.000,304802,16985,4.7,8.4,13.1,3.080,6.511,55665,169567,65.4,73.4,83.0,1.044,12.072,12.032,12.112,2639,59.375,23.950,36.817,29.262,27.615,20.688,5.500,23.818,1911.0,2003.4,1708.5,1902.9,39.0,19.0,8.0,0.0,77.5,10.9,34.2,0.0,9.6,0.0,37,Yes,No,No,Yes,No,No,No,46.2,49.5,2379,2294,93,8.0,10818,53743,235.378,1261.868,0,
26.12.2023,0:29:44.611,21654,13092,62.3,14665,1650,89.8,4.8,1.113,1.113,1.113,1.113,1.113,1.113,1.113,3393.9,3393.9,3393.9,3393.9,3393.9,3393.9,3393.9,99.8,2233.0,2972.7,1903.5,2281.5,1939.3,2176.3,2176.6,2344.3,2126.1,2296.8,2308.0,2247.9,2022.8,2233.0,7.3,1.5,3.1,1.5,3.8,58.9,0.7,1.5,4.6,3.1,3.1,3.1,2.3,58.9,7.3,68.0,75.0,58.8,71.0,59.9,67.8,67.7,73.2,66.1,71.7,72.1,69.8,62.8,68.0,34.0,34.0,34.0,34.0,34.0,34.0,34.0,0.0,88.7,87.4,86.7,87.8,89.2,92.8,88.4,11.2,12.6,13.2,12.1,10.8,7.2,11.6,0.0,0.0,0.0,0.0,0.0,0.0,0.1,1064.7,10.67,15,15,15,36,51,374,1,53.4,53.8,52.0,53.0,51.7,52.3,51.9,52.1,51.1,49.7,49.9,49.4,1.112,0.837,1.131,20.153,6.555,25.066,45.236,4.513,4.452,4.383,4.492,4.495,4.807,4.451,27.928,8.148,36.076,45.305,1066.7,1064.7,3399.9,3399.9,3399.9,51.6,41.8,56.6,102.7,No,No,No,39.0,50.0,22.0,40.0,1.120,1.264,3.376,3.376,12.038,0.848,1.216,3.456,3.280,0.936,1.064,5.064,0.328,1.848,2146,No,41,41,No,No,62037,84517,48,80.0,No,No,57288,39907,57.1,0.1,57.1,4.855,0.002,304812,16985,4.3,7.4,11.7,3.300,6.836,55671,169580,65.6,73.6,83.0,1.044,12.084,12.048,12.120,1297,55.046,23.122,34.257,28.722,25.694,20.789,5.551,23.719,1911.0,2003.4,1708.5,1901.7,37.0,19.0,8.0,0.0,77.5,11.0,35.1,0.0,8.9,0.0,37,Yes,No,No,Yes,No,No,No,48.2,45.9,2380,2294,93,8.0,10818,53746,182.342,1297.598,0,
26.12.2023,0:29:46.624,21661,13086,62.3,14679,1636,89.9,4.8,1.115,1.119,1.119,1.113,1.113,1.113,1.113,3393.9,3393.9,3393.9,3393.9,3393.9,3393.9,3393.9,99.8,2024.5,2872.5,1765.3,2132.2,1625.6,1949.7,2061.8,2131.3,1891.4,2056.1,1972.7,1995.0,1840.4,2024.5,6.5,6.2,0.7,4.6,2.3,49.6,1.5,1.5,2.3,3.1,3.1,1.5,1.5,49.6,6.5,60.9,67.7,54.3,66.1,49.7,60.4,64.3,66.2,58.5,63.9,61.3,61.7,56.6,60.9,34.0,34.0,34.0,34.0,34.0,34.0,34.0,0.0,84.7,84.5,81.6,85.5,85.3,87.0,84.3,15.0,15.5,18.3,14.4,14.2,12.9,14.7,0.3,0.0,0.1,0.1,0.5,0.2,1.0,1064.7,10.67,15,15,15,36,51,374,1,53.5,53.4,51.6,52.7,51.4,52.1,51.4,51.5,50.7,49.5,49.8,49.3,1.119,0.837,1.138,19.065,6.497,23.651,43.576,4.256,4.259,4.118,4.300,4.218,4.459,4.181,26.367,8.133,34.500,43.673,1066.7,1064.7,3399.9,3399.9,3399.9,49.8,39.4,56.3,102.8,No,No,No,39.0,50.0,22.0,40.0,1.120,1.264,3.376,3.376,12.038,0.848,1.216,3.456,3.280,0.936,1.064,5.064,0.328,1.848,2146,No,41,41,No,No,62037,84517,48,80.0,No,No,57288,39907,7.1,0.0,7.1,3.427,0.000,304818,16985,2.4,4.8,7.2,1.619,3.602,55674,169587,65.7,73.7,83.0,1.044,12.076,12.032,12.120,1303,56.844,23.741,36.196,29.069,27.149,20.649,5.553,23.831,1911.0,2003.4,1708.5,1901.9,37.0,18.0,8.0,0.0,77.4,11.0,35.2,0.0,8.8,0.0,37,Yes,No,No,Yes,No,No,No,47.1,47.4,2379,2293,93,8.0,10818,53748,164.601,1200.060,0,
26.12.2023,0:29:48.626,21669,13078,62.3,14690,1625,90.0,4.8,1.119,1.119,1.119,1.119,1.119,1.119,1.119,3393.9,3393.9,3393.9,3393.9,3393.9,3393.9,3393.9,99.8,1658.7,2770.7,1294.8,1970.1,1170.7,1645.1,1688.0,1848.5,1376.5,1885.3,1217.0,1622.3,1416.1,1658.7,3.9,0.0,0.0,3.1,0.7,35.9,0.0,1.5,0.7,0.7,0.7,1.5,1.5,35.9,3.9,48.6,63.7,39.0,60.6,34.9,49.4,50.8,56.3,42.0,57.4,36.8,49.4,42.7,48.6,34.0,34.0,34.0,34.0,34.0,34.0,34.0,0.0,79.8,81.5,78.4,82.2,80.2,78.2,78.5,18.5,18.3,20.8,16.8,17.3,18.9,19.1,1.7,0.2,0.8,1.0,2.7,3.0,2.4,1064.7,10.67,15,15,15,36,51,374,1,53.3,52.7,50.9,52.0,50.8,51.5,50.7,50.6,49.9,49.3,49.6,49.0,1.112,0.837,1.138,17.619,6.314,21.405,40.969,3.844,3.975,3.832,3.982,3.848,3.756,3.669,23.921,8.077,31.998,41.047,1066.7,1064.7,3399.9,3399.9,3399.9,46.8,35.7,55.5,103.3,No,No,No,39.0,50.0,23.0,40.0,1.120,1.264,3.376,3.376,12.038,0.848,1.216,3.456,3.280,0.936,1.064,5.064,0.328,1.848,2139,No,41,41,No,No,62037,84517,48,80.0,No,No,57288,39907,8.9,0.0,8.9,5.012,0.000,304828,16985,5.4,8.8,14.3,4.051,8.806,55682,169604,65.8,73.8,83.0,1.044,12.068,12.024,12.112,1306,61.783,25.555,40.373,30.878,30.280,21.412,5.579,24.808,1911.0,2003.4,1708.5,1902.2,38.0,18.0,8.0,0.0,77.4,10.4,31.8,0.0,9.6,0.0,37,Yes,No,No,Yes,No,No,No,49.6,51.5,2379,2293,93,8.0,10819,53751,122.165,1339.885,0,
26.12.2023,0:29:50.745,21680,13066,62.3,14692,1623,90.0,4.8,1.126,1.131,1.125,1.125,1.125,1.125,1.125,3393.9,3393.9,3393.9,3393.9,3393.9,3393.9,3393.9,99.8,1487.0,2072.4,1253.2,1778.1,1011.7,1465.9,1636.7,1731.8,1207.8,1768.4,1107.9,1596.9,1213.1,1487.0,3.3,1.5,0.7,0.0,1.5,33.3,0.0,0.7,0.0,0.7,0.7,0.0,0.7,33.3,3.3,44.5,61.7,37.6,53.9,30.0,43.4,48.7,52.3,36.4,52.8,33.3,47.3,36.5,44.5,34.0,34.0,34.0,34.0,34.0,34.0,34.0,0.0,74.5,61.0,74.5,79.8,77.5,76.7,77.3,20.6,17.5,24.7,19.5,20.8,20.5,20.6,5.7,25.8,0.7,0.7,1.7,2.9,2.1,1064.7,10.67,15,15,15,36,51,374,1,53.1,52.5,50.7,52.0,50.4,51.2,50.4,50.4,49.7,49.3,49.6,49.0,1.112,0.837,1.138,16.780,6.232,20.380,39.676,3.664,3.908,3.513,3.814,3.570,3.655,3.526,22.764,8.061,30.825,39.785,1066.7,1064.7,3400.4,3400.4,3400.4,45.3,34.0,55.3,103.0,No,No,No,39.0,50.0,23.0,40.0,1.120,1.264,3.376,3.376,12.038,0.848,1.216,3.456,3.280,0.936,1.064,5.064,0.328,1.848,2146,No,41,41,No,No,62037,84518,48,80.0,No,No,57289,39909,16.3,0.1,16.4,5.461,0.013,304839,16985,2.0,2.8,4.8,1.894,4.038,55686,169612,65.8,73.8,83.0,1.044,12.072,12.032,12.112,1311,60.360,24.921,39.727,29.936,29.796,20.635,5.578,23.854,1911.0,2003.4,1708.5,1902.7,37.0,18.0,8.0,0.0,77.4,10.6,32.7,0.0,9.7,0.0,37,Yes,No,No,Yes,No,No,No,48.0,50.3,2378,2292,93,8.0,10819,53753,118.615,1128.317,0,
26.12.2023,0:29:52.634,21632,13114,62.2,14658,1656,89.8,4.8,1.129,1.131,1.131,1.125,1.125,1.131,1.131,3393.9,3393.9,3393.9,3393.9,3393.9,3393.9,3393.9,99.8,1389.9,2447.8,1067.5,1554.1,917.0,1387.0,1526.9,1626.7,1136.5,1627.1,864.6,1298.7,1225.5,1389.9,3.5,1.5,0.0,0.7,0.0,34.3,0.7,0.7,0.7,0.7,0.0,0.7,1.5,34.3,3.5,40.5,53.0,32.2,47.4,27.0,41.9,46.8,49.8,34.9,49.9,26.3,39.2,37.5,40.5,34.0,34.0,34.0,34.0,34.0,34.0,34.0,0.0,70.6,72.0,66.3,75.2,73.2,68.3,68.4,25.8,27.0,31.1,23.3,22.4,25.5,25.6,3.8,1.0,2.8,1.6,4.4,6.5,6.3,1064.7,10.67,15,15,15,36,51,374,1,52.9,52.4,50.3,51.4,50.0,51.1,50.2,50.0,49.3,49.0,49.3,48.7,1.112,0.837,1.131,16.006,6.106,18.568,37.537,3.346,3.435,3.134,3.670,3.425,3.215,3.200,20.799,8.002,28.801,37.611,1066.7,1064.7,3400.5,3400.5,3400.5,42.9,30.9,55.1,103.1,No,No,No,39.0,50.0,23.0,40.0,1.120,1.264,3.376,3.376,12.038,0.848,1.216,3.456,3.280,0.936,1.064,5.064,0.328,1.848,2146,No,41,41,No,No,62037,84518,48,80.0,No,No,57289,39909,4.1,0.0,4.1,3.150,0.000,304845,16985,3.7,6.5,10.1,2.934,6.835,55691,169625,65.9,73.9,83.0,1.044,12.064,12.016,12.112,1309,62.931,25.785,42.307,30.569,31.733,20.623,5.612,23.864,1911.0,2003.4,1708.5,1901.8,37.0,18.0,8.0,0.0,77.4,10.7,34.2,0.0,8.7,0.0,37,Yes,No,No,Yes,No,No,No,48.4,52.4,2378,2292,93,8.0,10819,53755,113.872,999.752,0,
26.12.2023,0:29:54.639,21632,13114,62.2,14653,1662,89.8,4.8,1.132,1.125,1.138,1.138,1.131,1.131,1.131,3393.9,3393.9,3393.9,3393.9,3393.9,3393.9,3393.9,99.8,1246.2,2346.4,898.8,1487.7,743.6,1124.1,1536.1,1470.9,942.2,1411.3,811.1,1151.2,1030.7,1246.2,2.0,0.7,0.7,0.7,0.0,20.9,0.7,0.0,0.0,0.0,0.0,0.0,0.0,20.9,2.0,36.0,51.4,26.9,44.8,22.0,33.4,47.0,44.5,28.7,42.8,24.6,34.4,31.2,36.0,34.0,34.0,34.0,34.0,34.0,34.0,34.0,0.0,66.1,69.0,62.2,71.1,67.4,63.4,63.6,29.1,29.7,34.1,27.1,26.1,28.3,29.2,4.9,1.5,3.8,1.9,6.6,8.4,7.2,1064.7,10.67,15,15,15,36,51,374,1,52.6,51.7,49.7,50.8,49.5,50.5,49.5,49.3,48.5,48.7,49.0,48.4,1.125,0.837,1.138,14.851,6.088,16.741,35.442,3.018,3.227,2.834,3.346,3.014,2.903,2.784,18.792,7.990,26.783,35.509,1066.7,1064.7,3401.0,3401.0,3401.0,40.5,27.9,54.4,103.2,No,No,No,39.0,50.0,23.0,40.0,1.120,1.264,3.376,3.360,12.038,0.848,1.216,3.440,3.280,0.936,1.064,5.064,0.328,1.848,2139,No,41,41,No,No,62037,84518,48,80.0,No,No,57289,39909,14.8,0.0,14.8,4.004,0.000,304852,16985,1.3,1.8,3.1,0.998,2.288,55693,169629,66.0,74.0,83.0,1.044,12.068,12.024,12.112,1308,55.623,34.796,39.404,28.184,29.553,18.964,68.712,23.960,1911.0,2003.4,1708.5,1901.6,36.0,18.0,8.0,0.0,77.4,10.6,33.8,0.0,8.7,0.0,37,Yes,No,No,Yes,No,No,No,52.1,46.4,2377,2291,93,8.0,10819,53757,105.922,1091.522,0,
26.12.2023,0:29:56.648,21656,13090,62.3,14659,1656,89.8,4.8,1.126,1.125,1.131,1.131,1.119,1.125,1.125,3393.9,3393.9,3393.9,3393.9,3393.9,3393.9,3393.9,99.8,1211.2,2367.7,820.6,1357.5,721.9,1104.3,1455.3,1425.6,969.8,1371.0,787.4,1245.8,907.4,1211.2,2.3,0.0,0.7,0.0,0.0,25.0,0.0,0.0,0.0,0.7,0.7,0.7,0.0,25.0,2.3,34.8,52.8,24.5,40.5,21.0,32.6,44.2,43.0,29.5,41.2,23.8,37.5,27.3,34.8,34.0,34.0,34.0,34.0,34.0,34.0,34.0,0.0,65.8,69.6,59.0,70.3,67.7,63.6,64.5,29.1,29.2,36.0,27.3,26.0,28.2,28.0,5.3,1.2,5.5,2.5,6.5,8.3,7.6,1064.7,10.67,15,15,15,36,51,374,1,52.5,51.7,49.7,50.8,49.2,50.5,49.4,49.2,48.7,48.7,49.0,48.4,1.119,0.837,1.138,14.757,6.072,16.641,35.307,3.001,3.264,2.712,3.286,3.039,2.847,2.860,18.682,7.985,26.667,35.383,1066.7,1064.7,3401.0,3401.0,3401.0,40.3,27.7,54.5,103.2,No,No,No,39.0,50.0,23.0,40.0,1.120,1.264,3.376,3.376,12.038,0.848,1.216,3.456,3.280,0.936,1.064,5.064,0.328,1.840,2156,No,41,41,No,No,62037,84518,48,80.0,No,No,57289,39909,12.6,0.0,12.6,5.260,0.000,304862,16985,1.7,2.8,4.5,1.334,3.165,55696,169635,66.1,74.1,83.0,1.044,12.072,12.032,12.112,1314,63.531,25.822,41.984,30.609,31.491,20.741,5.635,24.472,1911.0,2003.4,1708.5,1901.8,37.0,19.0,8.0,0.0,77.4,10.8,34.5,0.0,8.7,0.0,37,Yes,No,No,Yes,No,No,No,49.7,52.9,2376,2290,93,8.0,10820,53760,121.746,1277.940,0,
26.12.2023,0:29:58.683,21637,13110,62.2,14637,1678,89.7,4.8,1.114,1.119,1.113,1.113,1.113,1.113,1.113,3393.9,3393.9,3393.9,3393.9,3393.9,3393.9,3393.9,99.8,1465.6,2710.9,1090.8,1814.7,868.6,1413.7,1627.3,1666.2,1127.1,1705.0,994.6,1479.9,1088.6,1465.6,2.7,0.0,0.0,0.0,0.0,31.2,0.0,0.0,0.0,0.7,0.0,0.0,0.7,31.2,2.7,41.9,61.0,32.5,54.2,25.2,41.5,48.5,49.8,33.9,50.6,29.5,43.3,32.5,41.9,34.0,34.0,34.0,34.0,34.0,34.0,34.0,0.0,76.1,79.7,73.9,79.8,74.6,75.0,73.6,21.6,19.9,24.8,19.3,21.1,22.0,22.6,2.5,0.4,1.3,0.9,4.9,3.2,4.1,1064.7,10.67,15,15,15,36,51,374,1,52.5,52.1,50.2,51.4,49.9,50.8,49.9,49.8,49.1,48.9,49.3,48.6,1.106,0.837,1.131,16.337,6.215,19.634,38.831,3.535,3.813,3.413,3.785,3.460,3.461,3.280,21.962,8.050,30.012,38.908,1066.7,1064.7,3400.1,3400.1,3400.1,44.3,32.7,54.9,103.1,No,No,No,39.0,50.0,23.0,40.0,1.120,1.264,3.376,3.376,12.038,0.848,1.216,3.456,3.280,0.936,1.064,5.064,0.328,1.848,2146,No,41,41,No,No,62037,84518,48,80.0,No,No,57289,39909,9.2,0.0,9.2,3.635,0.000,304869,16985,1.5,2.6,4.0,1.697,3.968,55699,169643,66.5,74.5,83.0,1.044,12.076,12.032,12.120,1318,59.989,25.312,38.460,30.513,28.846,21.529,5.705,26.817,1911.0,2003.4,1708.5,1901.4,40.0,20.0,8.0,0.0,77.4,11.4,36.2,0.0,9.4,0.0,37,Yes,No,No,Yes,No,No,No,54.3,47.2,2376,2290,93,8.0,10820,53762,134.218,1109.650,0,
26.12.2023,0:30:0.670,21704,13043,62.4,14680,1634,89.9,4.8,1.124,1.119,1.125,1.125,1.125,1.125,1.125,3393.9,3393.9,3393.9,3393.9,3393.9,3393.9,3393.9,99.8,1459.8,2695.4,1107.6,1813.8,869.5,1428.4,1576.9,1686.6,1110.0,1685.8,962.0,1506.5,1075.0,1459.8,2.5,0.0,0.0,0.0,0.0,27.3,0.7,1.5,0.0,0.0,0.0,0.7,0.0,27.3,2.5,41.9,60.8,33.0,54.3,25.3,42.0,47.0,50.6,33.5,50.6,28.7,44.6,32.0,41.9,34.0,34.0,34.0,34.0,34.0,34.0,34.0,0.0,75.4,79.3,73.1,79.1,74.4,73.3,73.0,22.6,20.6,25.3,19.7,22.4,23.3,23.9,2.2,0.2,1.6,1.2,3.3,3.5,3.1,1064.7,10.67,15,15,15,36,51,374,1,52.5,52.3,50.3,51.6,50.0,50.9,50.0,50.0,49.2,49.0,49.4,48.7,1.112,0.837,1.138,16.427,6.189,19.570,38.730,3.522,3.828,3.386,3.743,3.471,3.392,3.314,21.888,8.043,29.930,38.815,1066.7,1064.7,3400.2,3400.2,3400.2,44.2,32.6,55.0,103.0,No,No,No,39.0,50.0,23.0,40.0,1.120,1.264,3.376,3.376,12.038,0.848,1.216,3.456,3.280,0.936,1.064,5.064,0.328,1.848,2146,No,41,41,No,No,62037,84518,48,80.0,No,No,57289,39909,11.8,0.0,11.8,2.997,0.000,304875,16985,0.7,0.9,1.6,0.277,0.879,55699,169644,66.5,74.5,83.0,1.044,12.072,12.032,12.112,1321,58.086,24.347,37.466,29.358,28.100,20.623,5.705,24.829,1911.0,2003.4,1708.5,1901.9,39.0,19.0,8.0,0.0,77.4,10.9,35.1,0.0,8.7,0.0,37,Yes,No,No,Yes,No,No,No,49.6,45.7,2377,2291,93,8.0,10820,53764,122.235,1193.917,0,
26.12.2023,0:30:2.758,21700,13046,62.4,14676,1639,89.9,4.8,1.113,1.113,1.113,1.113,1.113,1.113,1.113,3393.9,3393.9,3393.9,3393.9,3393.9,3393.9,3393.9,99.8,1723.1,2860.9,1442.3,1959.1,1291.5,1730.2,1683.3,1873.5,1571.6,1963.7,1246.8,1747.8,1306.8,1723.1,3.4,0.0,0.7,0.7,0.7,35.6,0.0,0.7,1.5,0.7,0.0,0.0,0.7,35.6,3.4,50.7,65.3,43.8,60.1,38.8,52.8,51.0,57.5,48.3,60.4,37.7,52.9,39.4,50.7,34.0,34.0,34.0,34.0,34.0,34.0,34.0,0.0,81.3,84.1,79.7,82.5,82.5,80.4,78.7,17.2,15.6,19.5,16.8,15.3,17.4,18.4,1.6,0.2,0.9,0.8,2.3,2.3,2.9,1064.7,10.67,15,15,15,36,51,374,1,52.9,52.9,51.0,52.2,50.8,51.4,50.9,50.6,49.8,49.3,49.6,48.9,1.112,0.837,1.131,17.902,6.270,22.034,41.595,3.964,4.150,3.911,4.051,4.041,3.908,3.721,24.587,8.055,32.642,41.669,1066.7,1064.7,3399.9,3399.9,3399.9,47.5,36.7,55.7,103.0,No,No,No,39.0,50.0,22.0,40.0,1.120,1.264,3.376,3.376,12.091,0.848,1.216,3.456,3.280,0.936,1.064,5.064,0.328,1.848,2146,No,41,41,No,No,62037,84518,48,80.0,No,No,57289,39909,11.0,0.0,11.0,4.271,0.000,304883,16985,1.3,1.7,3.0,0.753,2.331,55701,169649,66.6,74.6,83.0,1.044,12.076,12.032,12.120,1326,58.636,24.518,37.811,29.647,28.361,20.823,5.698,24.768,1911.0,2003.4,1708.5,1902.1,38.0,19.0,8.0,0.0,77.4,10.3,32.2,0.0,8.9,0.0,37,Yes,No,No,Yes,No,No,No,47.5,48.9,2377,2291,93,8.0,10820,53767,137.158,1197.334,0,
26.12.2023,0:30:4.695,21684,13063,62.4,14678,1637,89.9,4.8,1.125,1.125,1.125,1.125,1.125,1.125,1.125,3393.9,3393.9,3393.9,3393.9,3393.9,3393.9,3393.9,99.8,1551.5,2733.8,1189.5,1795.0,1060.0,1476.9,1599.2,1736.7,1306.3,1788.7,1098.9,1537.6,1295.0,1551.5,4.0,1.5,0.7,0.0,0.0,35.9,0.7,1.5,2.3,0.7,0.7,2.3,1.5,35.9,4.0,45.4,64.4,35.8,54.5,31.6,44.4,48.4,52.6,39.9,54.4,33.2,46.3,39.2,45.4,34.0,34.0,34.0,34.0,34.0,34.0,34.0,0.0,76.2,80.4,73.6,77.1,77.1,74.4,74.5,21.8,19.6,25.1,21.8,20.5,21.7,22.3,2.0,0.0,1.3,1.1,2.3,4.1,3.4,1064.7,10.67,15,15,15,36,51,374,1,52.9,52.3,50.4,51.7,50.1,50.8,50.2,50.2,49.5,49.0,49.3,48.7,1.112,0.837,1.138,16.777,6.246,19.956,39.155,3.595,3.895,3.425,3.660,3.589,3.562,3.441,22.312,8.036,30.347,39.238,1066.7,1064.7,3399.9,3399.9,3399.9,44.7,33.3,55.1,102.9,No,No,No,39.0,50.0,23.0,40.0,1.120,1.264,3.376,3.360,12.038,0.848,1.216,3.440,3.280,0.936,1.064,5.064,0.328,1.848,2139,No,41,41,No,No,62037,84518,48,80.0,No,No,57289,39909,14.8,0.0,14.8,5.294,0.000,304893,16985,0.1,0.5,0.6,0.048,0.919,55701,169651,66.7,74.7,83.0,1.044,12.068,12.024,12.112,1324,64.255,26.674,43.276,31.166,32.460,20.979,5.730,26.432,1911.0,2003.4,1708.5,1901.1,43.0,22.0,8.0,0.0,77.4,10.9,34.8,0.0,8.7,0.0,38,Yes,No,No,Yes,No,No,No,50.1,53.5,2377,2291,93,8.0,10821,53769,110.446,1199.042,0,
26.12.2023,0:30:6.703,21621,13125,62.2,14607,1708,89.5,4.9,1.121,1.131,1.119,1.119,1.119,1.119,1.119,3393.9,3393.9,3393.9,3393.9,3393.9,3393.9,3393.9,99.8,1547.2,2827.2,1241.7,1807.8,1030.7,1467.4,1599.9,1783.5,1205.5,1752.6,1100.3,1541.6,1207.9,1547.2,3.1,0.0,1.5,0.0,0.7,30.2,0.7,0.0,0.7,0.0,0.7,0.7,2.3,30.2,3.1,44.7,64.0,37.2,55.0,30.5,43.5,48.1,54.2,36.6,52.6,33.0,45.7,36.2,44.7,34.0,34.0,34.0,34.0,34.0,34.0,34.0,0.0,75.5,83.2,75.2,78.7,77.9,63.9,74.0,20.7,16.8,24.0,20.5,19.8,20.7,22.6,4.6,0.1,0.9,0.9,2.5,20.0,3.5,1064.7,10.67,15,15,15,36,51,374,1,52.9,52.4,50.5,51.8,50.3,50.9,50.2,50.3,49.4,49.0,49.3,48.7,1.112,0.837,1.131,16.760,6.220,20.419,39.694,3.675,4.042,3.548,3.777,3.632,3.606,3.444,22.811,8.047,30.859,39.792,1066.7,1064.7,3399.9,3399.9,3399.9,45.3,34.0,55.2,103.0,No,No,No,39.0,50.0,23.0,40.0,1.120,1.264,3.360,3.360,12.038,0.848,1.216,3.456,3.280,0.936,1.064,5.064,0.328,1.848,2139,No,41,41,No,No,62037,84518,48,80.0,No,No,57289,39909,20.7,52.6,73.3,2.846,12.130,304899,17008,0.0,2.9,2.9,0.016,1.647,55701,169654,66.9,74.9,83.0,1.044,12.072,12.024,12.120,1332,62.726,25.983,41.366,31.070,31.027,21.359,5.764,25.313,1911.0,2003.4,1708.5,1901.1,38.0,19.0,8.0,0.0,77.4,11.0,35.2,0.0,8.8,0.0,38,Yes,No,No,Yes,No,No,No,52.1,52.4,2377,2291,93,8.0,10821,53771,122.074,1058.143,0,
26.12.2023,0:30:8.852,21645,13102,62.2,14627,1687,89.6,4.9,1.119,1.119,1.119,1.119,1.119,1.119,1.119,3393.9,3393.9,3393.9,3393.9,3393.9,3393.9,3393.9,99.8,1485.1,2750.3,1178.8,1720.3,1043.3,1485.1,1536.6,1641.0,1178.2,1734.2,929.5,1479.5,1144.6,1485.1,3.2,0.0,0.0,0.0,0.0,36.4,2.3,0.0,0.0,0.0,0.0,0.0,0.0,36.4,3.2,42.9,61.9,35.5,51.9,30.9,44.4,46.0,49.6,35.7,53.1,27.7,44.0,34.3,42.9,34.0,34.0,34.0,34.0,34.0,34.0,34.0,0.0,75.9,80.9,74.0,78.8,75.7,73.0,72.9,21.6,18.9,24.5,20.2,20.8,22.8,22.2,2.6,0.2,1.5,1.1,3.6,4.2,5.0,1064.7,10.67,15,15,15,36,51,374,1,52.8,52.3,50.4,51.7,50.3,51.0,50.0,50.1,49.2,49.0,49.4,48.7,1.100,0.837,1.131,16.577,6.151,19.870,39.062,3.578,3.913,3.489,3.768,3.489,3.476,3.336,22.224,8.025,30.250,39.127,1066.7,1064.7,3400.1,3400.1,3400.1,44.6,33.1,55.1,103.0,No,No,No,39.0,50.0,23.0,40.0,1.120,1.264,3.376,3.376,12.038,0.848,1.216,3.440,3.280,0.936,1.064,5.064,0.328,1.840,2146,No,41,41,No,No,62037,84518,48,80.0,No,No,57289,39909,97.2,0.0,97.2,4.307,0.000,304907,17008,3.6,2.1,5.7,0.956,1.442,55703,169657,66.7,74.7,83.0,1.044,12.080,12.040,12.120,1334,56.332,23.575,35.227,29.281,26.422,21.105,5.775,23.638,1911.0,2003.4,1708.5,1901.4,38.0,19.0,8.0,0.0,77.4,11.2,35.9,0.0,8.9,0.0,38,Yes,No,No,Yes,No,No,No,40.6,46.9,2377,2291,93,8.0,10821,53773,107.912,1135.158,0,
26.12.2023,0:30:10.736,21610,13137,62.1,14591,1723,89.4,4.9,1.114,1.113,1.119,1.113,1.113,1.113,1.113,3393.9,3393.9,3393.9,3393.9,3393.9,3393.9,3393.9,99.8,1491.8,2616.6,1122.3,1759.7,954.3,1395.3,1633.3,1690.4,1229.0,1730.9,1045.0,1525.1,1200.1,1491.8,2.6,0.7,0.7,0.0,0.7,27.3,0.0,1.5,0.7,0.0,0.0,0.0,0.0,27.3,2.6,43.2,61.1,33.4,52.8,27.9,41.1,49.2,51.4,37.3,52.0,31.5,45.3,35.9,43.2,34.0,34.0,34.0,34.0,34.0,34.0,34.0,0.0,73.8,77.0,69.7,76.3,74.6,72.5,72.5,23.0,22.5,27.7,22.1,21.8,21.8,22.3,3.3,0.6,2.8,1.7,3.6,5.8,5.3,1064.7,10.67,15,15,15,36,51,374,1,52.8,52.1,50.2,51.4,49.9,50.8,49.9,49.9,49.2,48.9,49.2,48.6,1.112,0.837,1.131,16.176,6.148,19.359,38.499,3.492,3.750,3.331,3.626,3.453,3.452,3.342,21.673,8.032,29.706,38.560,1066.7,1064.7,3400.4,3400.4,3400.4,43.9,32.3,54.8,103.0,No,No,No,39.0,50.0,22.0,40.0,1.120,1.264,3.376,3.376,12.038,0.848,1.216,3.440,3.280,0.936,1.064,5.064,0.328,1.840,2149,No,41,41,No,No,62037,84518,48,80.0,No,No,57289,39909,11.9,0.1,12.1,4.485,0.014,304916,17008,0.0,2.5,2.5,0.001,2.298,55703,169661,66.9,74.9,83.0,1.044,12.068,12.016,12.120,1340,62.024,25.729,40.720,30.857,30.542,21.305,5.742,25.206,1911.0,2003.4,1708.5,1901.0,38.0,19.0,8.0,0.0,77.4,10.6,33.8,0.0,8.8,0.0,38,Yes,No,No,Yes,No,No,No,51.6,51.7,2377,2291,93,8.0,10821,53776,123.470,1208.458,0,
26.12.2023,0:30:12.710,21634,13112,62.2,14603,1712,89.5,4.9,1.152,1.256,1.138,1.138,1.131,1.125,1.125,3393.9,3393.9,3393.9,3393.9,3393.9,3393.9,3393.9,99.8,1872.0,2772.4,1585.5,2006.6,1509.2,1845.4,1945.1,2080.1,1661.3,2053.6,1485.3,1930.1,1589.3,1872.0,7.8,1.5,4.6,3.1,5.4,46.0,3.9,4.6,7.0,2.3,3.1,5.4,6.2,46.0,7.8,56.0,65.7,48.7,61.6,46.3,56.3,60.1,64.2,51.2,63.4,45.6,59.3,48.9,56.0,34.0,34.0,34.0,34.0,34.0,34.0,34.0,0.0,80.7,81.5,78.3,83.3,81.8,79.4,79.5,17.8,18.3,20.7,15.9,16.3,18.0,17.4,1.7,0.2,1.0,0.9,1.9,2.6,3.3,1064.7,10.67,15,15,15,36,51,374,1,53.0,53.0,51.2,52.3,50.9,51.7,51.0,50.8,50.3,49.3,49.7,48.9,1.125,0.837,1.138,18.160,6.251,22.220,41.733,4.000,4.104,3.875,4.156,4.035,3.921,3.910,24.766,8.057,32.823,41.847,1066.7,1064.7,3400.2,3400.2,3400.2,47.7,37.0,55.7,102.8,No,No,No,39.0,50.0,23.0,40.0,1.120,1.264,3.376,3.360,12.038,0.848,1.216,3.440,3.280,0.936,1.064,5.064,0.328,1.848,2132,No,41,41,No,No,62037,84518,48,80.0,No,No,57289,39909,16.8,0.6,17.4,4.490,0.018,304924,17008,0.1,1.7,1.9,0.038,1.533,55703,169664,67.1,75.1,83.0,1.044,12.064,12.024,12.104,1338,60.142,26.615,42.603,31.647,31.955,21.625,5.793,26.067,1911.0,2003.4,1708.5,1901.8,38.0,19.0,8.0,0.0,77.4,11.2,35.8,0.0,8.9,0.0,38,Yes,No,No,Yes,No,No,No,51.6,50.1,2377,2291,93,8.0,10821,53778,112.979,1209.355,0,
26.12.2023,0:30:14.721,21630,13117,62.2,14581,1733,89.3,4.9,1.115,1.131,1.106,1.113,1.113,1.113,1.113,3393.9,3393.9,3393.9,3393.9,3393.9,3393.9,3393.9,99.8,1503.2,2608.4,1189.1,1743.7,1063.8,1493.0,1570.6,1720.6,1217.6,1688.8,1093.9,1449.0,1200.4,1503.2,3.2,0.7,0.7,0.0,0.7,31.2,0.0,0.7,1.5,0.0,0.7,0.7,1.5,31.2,3.2,43.8,61.0,35.9,52.5,31.6,44.7,47.5,52.2,37.0,51.1,33.1,43.5,36.2,43.8,34.0,34.0,34.0,34.0,34.0,34.0,34.0,0.0,72.4,76.7,70.7,75.4,71.8,71.0,68.6,23.9,23.0,26.5,23.2,22.4,23.6,24.8,4.0,0.3,3.1,1.5,6.3,5.8,6.9,1064.7,10.67,15,15,15,36,51,374,1,53.0,52.3,50.3,51.6,50.1,50.8,49.9,49.9,49.1,48.9,49.2,48.6,1.112,0.837,1.131,16.283,6.201,19.139,38.237,3.451,3.744,3.352,3.646,3.408,3.397,3.158,21.422,8.032,29.454,38.313,1066.7,1064.7,3400.4,3400.4,3400.4,43.7,31.9,55.0,103.0,No,No,No,39.0,50.0,23.0,40.0,1.120,1.264,3.360,3.360,12.038,0.848,1.216,3.456,3.280,0.936,1.064,5.064,0.328,1.840,2146,No,41,41,No,No,62037,84518,48,80.0,No,No,57289,39909,18.0,0.1,18.1,4.513,0.010,304933,17008,0.1,3.5,3.6,0.010,2.960,55703,169670,66.9,74.9,83.0,1.044,12.084,12.040,12.128,1341,58.917,24.466,38.161,29.667,28.622,20.757,5.795,23.796,1911.0,2003.4,1708.5,1901.6,36.0,18.0,9.0,0.0,77.4,11.1,34.7,0.0,9.7,0.0,38,Yes,No,No,Yes,No,No,No,48.4,50.0,2377,2291,93,8.0,10822,53780,140.614,1134.395,0,
26.12.2023,0:30:16.712,21682,13065,62.4,14613,1702,89.5,4.9,1.115,1.119,1.119,1.113,1.113,1.113,1.113,3393.9,3393.9,3393.9,3393.9,3393.9,3393.9,3393.9,99.8,1445.3,2541.2,1163.3,1652.5,983.3,1382.6,1638.8,1693.3,1127.5,1630.8,1007.8,1390.3,1132.5,1445.3,3.3,0.0,2.3,0.0,0.7,33.3,0.0,0.7,0.0,2.3,0.0,0.7,0.0,33.3,3.3,42.2,56.9,35.2,50.1,29.3,41.4,50.1,51.9,34.5,49.6,30.7,42.1,34.4,42.2,34.0,34.0,34.0,34.0,34.0,34.0,34.0,0.0,70.9,74.7,67.4,75.8,69.7,69.7,68.3,25.5,24.7,29.7,22.7,26.6,23.9,25.3,3.6,0.5,3.0,1.6,3.8,6.5,6.5,1064.7,10.67,15,15,15,36,51,374,1,53.1,52.2,50.2,51.5,49.9,51.0,49.9,49.9,49.0,48.8,49.2,48.5,1.125,0.837,1.138,15.951,6.161,18.624,37.642,3.359,3.612,3.218,3.608,3.350,3.269,3.098,20.864,8.027,28.891,37.705,1066.7,1064.7,3400.2,3400.2,3400.2,43.0,31.0,54.9,103.0,No,No,No,39.0,50.0,23.0,40.0,1.120,1.264,3.376,3.376,12.091,0.848,1.216,3.456,3.280,0.936,1.064,5.064,0.328,1.840,2136,No,41,41,No,No,62037,84518,48,80.0,No,No,57289,39909,18.6,0.0,18.6,5.684,0.000,304944,17008,1.2,2.2,3.5,0.868,4.334,55704,169678,67.2,75.2,83.0,1.044,12.080,12.040,12.120,1343,58.704,24.537,38.136,29.474,28.603,20.570,5.826,24.616,1911.0,2003.4,1708.5,1901.1,38.0,19.0,9.0,0.0,77.4,11.8,37.3,0.0,9.9,0.0,38,Yes,No,No,Yes,No,No,No,53.5,47.1,2377,2291,93,8.0,10822,53783,126.415,1230.211,0,
26.12.2023,0:30:18.713,21634,13113,62.2,14573,1742,89.3,4.9,1.123,1.119,1.125,1.125,1.125,1.125,1.119,3393.9,3393.9,3393.9,3393.9,3393.9,3393.9,3393.9,99.8,1170.6,2242.2,900.2,1405.5,661.8,986.3,1580.7,1397.8,857.9,1354.0,641.8,1038.9,980.0,1170.6,1.6,0.0,0.7,0.0,0.0,15.6,0.0,0.7,0.0,0.0,0.0,0.0,2.3,15.6,1.6,33.3,46.5,26.9,42.2,19.1,28.9,48.2,42.1,25.9,40.7,19.2,31.0,29.6,33.3,34.0,34.0,34.0,34.0,34.0,34.0,34.0,0.0,63.2,65.9,58.1,70.0,64.7,59.3,60.8,30.0,32.5,35.7,27.4,26.5,28.9,28.6,7.2,1.7,6.8,2.7,9.0,12.3,10.8,1064.7,10.67,15,15,15,36,51,374,1,52.6,51.5,49.4,50.5,49.3,50.4,49.2,49.0,48.3,48.5,48.8,48.2,1.112,0.837,1.138,14.349,5.998,16.137,34.668,2.910,3.127,2.760,3.287,2.891,2.693,2.701,18.117,7.961,26.078,34.750,1066.7,1064.7,3401.1,3401.1,3401.1,39.6,26.9,54.2,103.2,No,No,No,39.0,50.0,23.0,40.0,1.120,1.264,3.360,3.376,12.038,0.848,1.216,3.440,3.280,0.936,1.064,5.064,0.328,1.840,2146,No,41,41,No,No,62037,84518,48,80.0,No,No,57289,39909,82.6,0.0,82.6,6.276,0.000,304956,17008,6.4,9.7,16.1,5.245,10.811,55715,169699,67.3,75.3,83.0,1.044,12.072,12.024,12.120,1351,62.919,25.012,40.075,29.820,30.058,20.429,5.849,23.841,1911.0,2003.4,1708.5,1901.0,38.0,19.0,9.0,0.0,77.3,11.9,37.6,0.0,9.9,0.0,38,Yes,No,No,Yes,No,No,No,47.5,52.4,2376,2290,93,8.0,10822,53785,87.439,1081.606,0,
26.12.2023,0:30:20.739,21784,12963,62.6,14664,1651,89.8,4.9,1.116,1.119,1.113,1.113,1.113,1.119,1.119,3393.9,3393.9,3393.9,3393.9,3393.9,3393.9,3393.9,99.8,1552.9,2580.5,1185.5,1699.4,1128.7,1430.5,1705.0,1814.9,1304.4,1761.5,1107.0,1591.7,1325.4,1552.9,4.5,41.0,0.7,0.7,0.0,3.8,2.3,0.7,0.0,0.0,0.7,1.5,3.1,41.0,4.5,45.9,60.8,36.0,51.5,33.9,43.2,52.2,55.7,39.9,54.1,33.7,48.6,40.5,45.8,34.0,34.0,34.0,34.0,34.0,34.0,34.0,0.0,73.9,75.9,70.4,75.9,76.2,72.2,72.8,23.3,24.1,26.9,22.0,20.6,23.6,22.8,2.8,0.0,2.7,2.1,3.2,4.5,4.4,1064.7,10.67,15,15,15,36,51,374,1,52.6,52.3,50.4,51.5,50.1,50.9,50.3,50.0,49.4,48.9,49.2,48.6,1.112,0.837,1.138,16.600,6.169,20.038,39.252,3.610,3.746,3.446,3.725,3.687,3.540,3.517,22.403,8.017,30.420,39.327,1066.7,1064.7,3400.8,3400.8,3400.8,44.8,33.4,55.1,103.0,No,No,No,39.0,50.0,22.0,40.0,1.120,1.264,3.360,3.360,12.091,0.848,1.216,3.456,3.280,0.936,1.064,5.064,0.328,1.840,2146,No,41,41,No,No,62037,84518,48,80.0,No,No,57289,39909,56.5,0.1,56.6,6.868,0.012,304969,17008,1.9,3.8,5.6,1.903,4.272,55718,169707,67.4,75.4,83.0,1.044,12.068,12.024,12.112,1354,65.687,36.257,40.049,29.146,30.038,19.765,74.622,23.925,1911.0,2003.4,1708.5,1901.5,37.0,18.0,8.0,0.0,77.3,11.5,36.8,0.0,9.3,0.0,38,Yes,No,No,Yes,No,No,No,51.5,54.7,2376,2290,83,8.0,10822,53787,132.850,1216.985,0,
26.12.2023,0:30:22.939,21766,12981,62.6,14661,1654,89.8,4.9,1.115,1.119,1.119,1.113,1.113,1.113,1.113,3393.9,3393.9,3393.9,3393.9,3393.9,3393.9,3393.9,99.8,1639.5,2803.8,1191.1,1876.4,1101.6,1639.0,1694.5,1851.4,1357.6,1896.5,1241.7,1706.7,1313.5,1639.5,5.5,50.3,0.0,0.7,0.0,2.3,1.5,1.5,3.1,1.5,2.3,0.7,1.5,50.3,5.5,47.9,65.0,35.7,56.8,32.7,49.3,51.3,56.4,41.4,57.7,37.4,51.7,39.7,47.9,34.0,34.0,34.0,34.0,34.0,34.0,34.0,0.0,80.4,82.5,76.9,82.7,81.6,80.4,78.7,18.2,17.3,21.9,16.5,16.5,17.7,19.4,1.4,0.2,1.2,0.9,2.0,1.9,2.0,1064.7,10.67,15,15,15,36,51,374,1,52.6,52.6,50.7,51.9,50.4,51.2,50.6,50.6,49.8,49.1,49.4,48.8,1.119,0.837,1.138,17.645,6.231,21.677,41.158,3.901,4.019,3.710,4.075,3.924,3.942,3.739,24.211,8.047,32.258,41.222,1066.7,1064.7,3400.2,3400.2,3400.2,47.0,36.1,55.4,102.9,No,No,No,39.0,50.0,23.0,40.0,1.120,1.264,3.376,3.376,12.038,0.848,1.216,3.440,3.280,0.936,1.064,5.064,0.328,1.840,2139,No,41,41,No,No,62037,84518,48,80.0,No,No,57289,39909,33.6,0.0,33.6,4.988,0.000,304979,17008,0.2,2.2,2.3,0.016,3.601,55718,169714,67.4,75.4,83.0,1.044,12.096,12.056,12.136,1353,44.729,19.270,24.594,25.655,18.447,20.135,5.877,20.915,1911.0,2003.4,1708.5,1901.6,39.0,20.0,9.0,0.0,77.3,10.8,33.8,0.0,9.2,0.0,38,Yes,No,No,Yes,No,No,No,39.5,37.3,2376,2290,83,8.0,10823,53789,125.261,1188.513,0,
26.12.2023,0:30:24.748,21738,13008,62.5,14650,1664,89.7,4.9,1.113,1.113,1.113,1.113,1.113,1.113,1.113,3393.9,3393.9,3393.9,3393.9,3393.9,3393.9,3393.9,99.8,1741.5,2838.2,1460.3,1962.4,1299.7,1696.2,1834.8,1932.5,1416.2,2000.5,1291.7,1761.0,1404.4,1741.5,5.4,52.3,0.7,1.5,0.7,0.7,0.0,0.7,4.6,0.0,1.5,1.5,0.7,52.3,5.4,51.0,65.2,44.2,59.1,39.2,51.1,55.6,58.5,43.2,61.2,39.2,52.9,42.6,51.0,34.0,34.0,34.0,34.0,34.0,34.0,34.0,0.0,80.4,83.5,77.6,82.3,80.5,80.2,78.4,18.4,16.3,21.6,16.9,17.9,18.3,19.7,1.2,0.2,0.9,0.8,1.6,1.5,2.0,1064.7,10.67,15,15,15,36,51,374,1,52.9,52.6,50.8,52.0,50.6,51.4,50.5,50.5,49.7,49.1,49.5,48.8,1.112,0.837,1.131,17.542,6.253,21.656,41.154,3.902,4.132,3.807,4.039,3.808,3.901,3.725,24.175,8.072,32.247,41.242,1066.7,1064.7,3399.9,3399.9,3399.9,47.0,36.1,55.4,102.8,No,No,No,39.0,50.0,23.0,40.0,1.120,1.264,3.376,3.376,12.091,0.848,1.216,3.456,3.280,0.936,1.064,5.064,0.328,1.848,2146,No,41,41,No,No,62037,84518,48,80.0,No,No,57289,39909,18.0,0.1,18.1,3.938,0.002,304986,17008,0.4,1.4,1.8,0.371,2.351,55719,169718,67.6,75.6,83.0,1.044,12.072,12.032,12.112,1356,60.500,25.209,38.755,30.802,29.069,21.744,5.900,24.982,1911.0,2003.4,1708.5,1901.7,39.0,20.0,8.0,0.0,77.3,10.8,34.1,0.0,8.9,0.0,38,Yes,No,No,Yes,No,No,No,48.7,50.4,2376,2290,83,8.0,10823,53792,101.169,1231.926,0,
26.12.2023,0:30:26.760,21721,13026,62.5,14618,1697,89.5,4.9,1.117,1.113,1.119,1.119,1.113,1.119,1.119,3393.9,3393.9,3393.9,3393.9,3393.9,3393.9,3393.9,99.8,1482.4,2797.2,1063.1,1803.4,894.7,1399.8,1686.9,1689.3,1081.5,1759.4,987.9,1513.1,1112.7,1482.4,5.0,54.6,0.7,0.0,0.0,0.0,2.3,0.0,0.0,0.7,0.7,1.5,0.0,54.6,5.0,42.2,62.6,31.6,54.3,26.0,41.1,49.9,50.5,32.5,52.1,29.2,44.0,33.0,42.2,34.0,34.0,34.0,34.0,34.0,34.0,34.0,0.0,77.8,82.3,75.1,82.0,76.5,75.4,75.2,20.5,17.6,24.3,17.0,21.2,20.7,22.3,1.8,0.1,0.6,1.2,2.3,4.1,2.4,1064.7,10.67,15,15,15,36,51,374,1,52.9,52.3,50.3,51.7,50.1,51.0,49.9,50.1,49.2,49.1,49.4,48.7,1.112,0.837,1.131,16.455,6.195,20.187,39.438,3.632,3.906,3.502,3.921,3.489,3.588,3.384,22.561,8.049,30.610,39.524,1066.7,1064.7,3400.1,3400.1,3400.1,45.0,33.6,55.1,103.0,No,No,No,39.0,50.0,23.0,40.0,1.120,1.264,3.376,3.376,12.091,0.848,1.216,3.456,3.280,0.936,1.064,5.064,0.328,1.848,2149,No,41,41,No,No,62037,84518,48,80.0,No,No,57289,39909,13.1,0.0,13.1,6.086,0.000,304998,17008,0.1,1.2,1.3,0.008,2.383,55719,169723,67.6,75.6,83.0,1.044,12.068,12.032,12.104,1356,56.280,36.405,35.825,28.781,26.871,20.455,81.507,24.993,1911.0,2003.4,1708.5,1901.4,38.0,19.0,8.0,0.0,77.3,10.8,34.4,0.0,9.0,0.0,38,Yes,No,No,Yes,No,No,No,52.9,46.9,2376,2290,83,8.0,10823,53794,119.417,1087.608,0,
26.12.2023,0:30:28.891,21207,13540,61.0,14101,2213,86.4,4.9,1.119,1.119,1.119,1.119,1.119,1.119,1.119,3393.9,3393.9,3393.9,3393.9,3393.9,3393.9,3393.9,99.8,1593.3,2847.9,1344.0,1894.0,1088.6,1492.8,1700.1,1818.3,1145.2,1807.4,1181.1,1631.5,1168.6,1593.3,6.0,58.1,3.8,0.7,0.0,0.0,1.5,0.0,1.5,0.7,1.5,2.3,1.5,58.1,6.0,45.6,60.3,40.6,56.9,32.3,44.3,50.7,54.5,34.7,54.1,35.6,48.3,35.0,45.6,34.0,34.0,34.0,34.0,34.0,34.0,34.0,0.0,77.4,83.8,78.1,81.3,78.0,65.5,77.5,18.8,16.2,21.3,17.5,20.2,17.8,20.0,4.2,0.1,0.7,1.2,1.8,18.9,2.6,1064.7,10.67,15,15,15,36,51,374,1,52.9,52.3,50.4,51.7,50.3,50.9,50.0,50.2,49.2,49.0,49.3,48.7,1.112,0.837,1.138,16.904,6.275,20.616,39.997,3.713,3.977,3.671,3.867,3.586,3.692,3.483,23.040,8.069,31.109,40.083,1066.7,1064.7,3400.1,3400.1,3400.1,45.7,34.4,55.1,102.9,No,No,No,39.0,50.0,23.0,40.0,1.120,1.264,3.376,3.376,12.038,0.848,1.216,3.456,3.280,0.936,1.064,5.064,0.328,1.848,2146,No,41,41,No,No,62037,84518,48,80.0,No,No,57289,39909,10.4,0.0,10.5,4.747,0.002,305007,17008,1.2,1.8,3.0,0.580,1.974,55720,169727,67.3,75.3,83.0,1.044,12.100,12.064,12.136,1362,41.455,16.478,22.004,24.321,16.505,19.449,5.893,10.696,1911.0,2003.4,1708.5,1901.7,30.0,15.0,9.0,0.0,77.3,10.9,34.3,0.0,9.1,0.0,38,Yes,No,No,Yes,No,No,No,39.2,34.5,2376,2290,84,8.0,10823,53796,98.995,1138.331,0,
26.12.2023,0:30:30.811,21181,13566,60.9,14076,2239,86.2,4.9,1.120,1.125,1.119,1.119,1.119,1.119,1.119,3393.9,3393.9,3393.9,3393.9,3393.9,3393.9,3393.9,99.8,1574.1,2532.0,1349.3,1784.0,1231.2,1534.3,1758.2,1771.1,1251.9,1656.5,1228.2,1541.6,1250.8,1574.1,3.9,40.3,0.7,0.0,0.0,2.3,1.5,0.7,0.7,0.0,0.7,0.0,0.0,40.3,3.9,46.5,61.7,41.1,54.2,37.3,46.6,53.8,54.0,38.1,50.2,37.1,46.4,37.8,46.5,34.0,34.0,34.0,34.0,34.0,34.0,34.0,0.0,73.9,74.5,75.7,78.7,69.8,72.9,71.5,21.2,19.0,22.7,18.9,20.6,22.2,23.9,5.8,9.0,1.6,2.6,11.8,5.1,4.8,1064.7,10.67,15,15,15,36,51,374,1,52.9,52.5,50.5,51.8,50.3,51.2,50.0,50.1,49.3,49.1,49.4,48.7,1.112,0.837,1.131,16.740,6.227,20.047,39.345,3.604,3.902,3.550,3.821,3.507,3.488,3.354,22.414,8.048,30.462,39.418,1066.7,1064.7,3400.4,3400.4,3400.4,44.9,33.4,55.2,103.0,No,No,No,39.0,50.0,22.0,40.0,1.120,1.264,3.376,3.376,12.091,0.848,1.216,3.456,3.280,0.936,1.064,5.064,0.328,1.848,2153,No,41,41,No,No,62037,84518,48,80.0,No,No,57289,39909,16.6,0.1,16.7,7.251,0.012,305021,17008,0.3,1.3,1.7,0.060,2.314,55720,169731,67.6,75.6,83.0,1.044,12.068,12.024,12.112,1362,60.287,24.997,39.404,30.108,29.553,20.885,5.895,24.136,1911.0,2003.4,1708.5,1901.5,38.0,19.0,8.0,0.0,77.3,10.9,34.7,0.0,8.9,0.0,38,Yes,No,No,Yes,No,No,No,52.7,53.5,2376,2290,84,8.0,10823,53799,106.964,1247.921,0,
26.12.2023,0:30:32.791,20843,13904,59.9,13925,2390,85.3,4.9,1.122,1.119,1.119,1.119,1.125,1.125,1.125,3393.9,3393.9,3393.9,3393.9,3393.9,3393.9,3393.9,99.8,1377.1,2603.6,972.7,1641.2,876.4,1301.0,1579.6,1555.1,1017.1,1524.0,1005.7,1438.2,1010.1,1377.1,4.3,47.2,0.0,0.7,0.0,1.5,0.0,0.0,0.0,0.0,1.5,0.7,0.0,47.2,4.3,39.6,59.2,29.1,48.8,25.7,38.7,47.7,46.4,30.6,45.4,30.2,42.6,30.2,39.6,34.0,34.0,34.0,34.0,34.0,34.0,34.0,0.0,72.7,76.6,69.6,76.5,70.9,71.7,70.8,24.3,23.4,28.7,21.4,23.7,24.2,24.4,3.1,0.0,1.6,2.1,5.8,4.1,5.1,1064.7,10.67,15,15,15,36,51,374,1,52.9,52.1,50.1,51.4,49.9,50.8,49.6,49.8,49.0,48.9,49.2,48.6,1.112,0.837,1.131,15.767,6.093,18.710,37.708,3.379,3.665,3.245,3.635,3.227,3.325,3.176,20.954,8.014,28.968,37.785,1066.7,1064.7,3400.5,3400.5,3400.5,43.1,31.2,54.9,103.1,No,No,No,39.0,50.0,23.0,40.0,1.120,1.264,3.376,3.376,12.038,0.848,1.216,3.456,3.280,0.936,1.064,5.064,0.328,1.848,2149,No,41,41,No,No,62037,84518,48,80.0,No,No,57289,39909,18.9,0.0,18.9,4.179,0.000,305029,17008,0.2,0.6,0.7,0.055,1.036,55720,169733,67.8,75.8,83.0,1.044,12.088,12.048,12.128,1364,50.564,35.720,30.723,26.891,23.043,19.842,92.499,21.321,1911.0,2003.4,1708.5,1900.8,38.0,20.0,9.0,0.0,77.3,11.0,35.3,0.0,8.9,0.0,39,Yes,No,No,Yes,No,No,No,43.8,42.1,2376,2290,84,8.0,10824,53801,130.180,1283.255,0,
26.12.2023,0:30:34.796,20829,13917,59.9,13902,2412,85.2,4.9,1.117,1.119,1.119,1.119,1.119,1.113,1.113,3393.9,3393.9,3393.9,3393.9,3393.9,3393.9,3393.9,99.8,1399.0,2702.9,1093.3,1684.1,891.4,1307.8,1588.6,1577.7,1004.7,1562.8,878.9,1442.5,1053.7,1399.0,4.1,46.0,0.0,1.5,0.0,0.0,0.7,0.0,0.0,0.0,0.0,0.7,0.0,46.0,4.1,39.7,59.1,32.5,49.6,26.0,38.4,47.2,46.7,30.2,46.4,26.0,42.2,31.4,39.7,34.0,34.0,34.0,34.0,34.0,34.0,34.0,0.0,73.9,79.5,71.4,77.4,73.4,70.5,71.5,23.0,20.4,26.5,20.3,22.8,24.7,23.6,3.1,0.1,2.4,2.5,3.8,4.9,5.2,1064.7,10.67,15,15,15,36,51,374,1,52.9,52.1,50.0,51.4,49.8,50.7,49.7,49.6,49.0,48.9,49.2,48.6,1.112,0.837,1.131,15.829,6.138,19.167,38.224,3.454,3.787,3.515,3.676,3.287,3.227,3.232,21.444,8.026,29.470,38.305,1066.7,1064.7,3400.2,3400.2,3400.2,43.7,31.9,54.8,103.0,No,No,No,39.0,50.0,22.0,40.0,1.120,1.264,3.376,3.376,12.091,0.848,1.216,3.456,3.280,0.936,1.064,5.064,0.328,1.848,2139,No,41,41,No,No,62037,84518,48,80.0,No,No,57289,39909,20.0,0.0,20.0,4.814,0.002,305038,17008,0.1,0.4,0.5,0.028,1.011,55720,169735,67.4,75.4,83.0,1.044,12.100,12.064,12.136,1367,43.103,17.004,23.299,24.997,17.476,19.804,5.889,10.562,1911.0,2003.4,1708.5,1901.0,29.0,15.0,8.0,0.0,77.3,10.5,33.3,0.0,8.8,0.0,39,Yes,No,No,Yes,No,No,No,37.3,35.9,2376,2290,84,8.0,10824,53803,113.066,1166.147,0,
26.12.2023,0:30:36.788,20873,13874,60.0,13947,2368,85.4,4.9,1.119,1.119,1.119,1.119,1.119,1.119,1.119,3393.9,3393.9,3393.9,3393.9,3393.9,3393.9,3393.9,99.8,1301.9,2500.6,937.0,1605.8,823.8,1193.6,1546.7,1411.1,1011.9,1505.5,822.9,1264.9,998.8,1301.9,3.7,44.5,0.0,0.0,0.0,0.0,0.0,0.0,0.0,0.0,0.0,0.0,0.0,44.5,3.7,37.3,55.0,27.9,47.9,24.1,35.4,46.6,42.2,30.7,45.1,24.7,37.7,29.9,37.3,34.0,34.0,34.0,34.0,34.0,34.0,34.0,0.0,69.4,73.5,68.0,73.3,67.4,67.3,66.6,26.9,26.0,29.6,24.1,26.6,27.0,27.9,3.9,0.5,2.3,2.6,6.5,5.9,5.7,1064.7,10.67,15,15,15,36,51,374,1,52.8,51.7,49.8,51.0,49.7,50.5,49.4,49.4,48.6,48.8,49.1,48.4,1.119,0.837,1.138,15.209,6.140,17.695,36.552,3.186,3.461,3.142,3.452,3.054,3.078,2.929,19.825,8.014,27.839,36.637,1066.7,1064.7,3400.8,3400.8,3400.8,41.8,29.5,54.4,103.2,No,No,No,39.0,50.0,23.0,40.0,1.120,1.264,3.376,3.376,12.038,0.848,1.216,3.440,3.280,0.936,1.064,5.064,0.328,1.848,2153,No,41,41,No,No,62037,84518,48,80.0,No,No,57289,39909,12.5,0.0,12.5,4.564,0.000,305047,17008,1.0,3.1,4.1,0.311,3.661,55721,169742,67.8,75.8,83.0,1.044,12.084,12.048,12.120,1371,56.834,23.795,35.872,29.301,26.906,20.961,5.931,23.797,1911.0,2003.4,1708.5,1901.1,36.0,18.0,9.0,0.0,77.3,11.2,34.9,0.0,9.9,0.0,39,Yes,No,No,Yes,No,No,No,48.4,47.4,2376,2290,84,8.0,10824,53806,112.162,1184.035,0,
26.12.2023,0:30:38.815,20892,13855,60.1,13927,2388,85.3,4.9,1.122,1.119,1.119,1.119,1.125,1.125,1.125,3393.9,3393.9,3393.9,3393.9,3393.9,3393.9,3393.9,99.8,1670.3,2745.4,1343.1,1846.3,1293.7,1552.9,1941.5,1775.5,1518.7,1802.8,1285.6,1545.0,1393.0,1670.3,5.3,49.6,0.7,0.7,0.7,0.0,0.7,1.5,3.1,1.5,1.5,0.0,3.1,49.6,5.3,49.0,61.8,40.6,56.5,38.9,46.9,60.0,54.1,46.4,55.3,39.0,46.4,42.0,49.0,34.0,34.0,34.0,34.0,34.0,34.0,34.0,0.0,78.7,80.7,76.6,82.5,79.9,77.7,75.0,19.7,19.3,22.1,16.9,17.5,20.4,22.2,1.6,0.0,1.5,0.6,2.7,1.9,2.9,1064.7,10.67,15,15,15,36,51,374,1,52.8,52.4,50.5,51.7,50.4,51.2,50.2,50.3,49.4,49.0,49.4,48.7,1.119,0.837,1.131,17.068,6.361,20.683,40.095,3.731,3.890,3.680,3.957,3.714,3.688,3.457,23.124,8.070,31.194,40.181,1066.7,1064.7,3400.1,3400.1,3400.1,45.8,34.5,55.1,102.9,No,No,No,39.0,50.0,23.0,40.0,1.120,1.264,3.376,3.376,12.038,0.848,1.216,3.456,3.280,0.936,1.064,5.064,0.328,1.848,2146,No,41,41,No,No,62037,84518,48,80.0,No,No,57289,39909,19.4,0.0,19.4,5.449,0.000,305057,17008,0.3,1.1,1.5,0.038,2.497,55721,169747,68.0,76.0,83.0,1.044,12.080,12.048,12.112,1371,57.013,33.775,35.849,29.494,26.889,21.162,64.518,24.736,1911.0,2003.4,1708.5,1901.3,38.0,19.0,9.0,0.0,77.3,11.1,34.5,0.0,9.9,0.0,39,Yes,No,No,Yes,No,No,No,46.1,47.5,2376,2290,84,8.0,10824,53808,127.529,1310.926,0,
26.12.2023,0:30:40.830,20989,13758,60.4,13997,2317,85.7,4.9,1.115,1.125,1.113,1.113,1.113,1.113,1.113,3393.9,3393.9,3393.9,3393.9,3393.9,3393.9,3393.9,99.8,1752.8,2737.8,1449.4,1878.2,1439.0,1693.3,1877.0,1863.3,1593.4,1888.8,1423.7,1619.4,1570.2,1752.8,5.1,47.2,1.5,0.7,2.3,2.3,1.5,0.7,0.0,0.7,1.5,0.7,1.5,47.2,5.1,52.1,64.2,44.3,57.5,43.7,51.6,58.0,57.1,49.0,58.3,43.7,49.7,48.0,52.1,34.0,34.0,34.0,34.0,34.0,34.0,34.0,0.0,78.3,80.5,76.0,79.3,79.8,77.4,76.9,19.4,19.3,22.0,18.7,17.4,18.9,19.9,2.5,0.2,2.4,2.4,2.8,3.9,3.2,1064.7,10.67,15,15,15,36,51,374,1,53.0,52.5,50.7,51.9,50.5,51.2,50.5,50.4,49.6,49.1,49.4,48.8,1.112,0.837,1.138,17.352,6.337,21.055,40.557,3.794,3.958,3.741,3.950,3.807,3.735,3.573,23.520,8.081,31.601,40.621,1066.7,1064.7,3400.2,3400.2,3400.2,46.3,35.1,55.3,102.9,No,No,No,39.0,50.0,23.0,40.0,1.120,1.264,3.376,3.360,12.038,0.856,1.216,3.440,3.280,0.936,1.064,5.064,0.328,1.848,2146,No,41,41,No,No,62037,84518,48,80.0,No,No,57289,39909,9.2,0.1,9.3,3.339,0.010,305064,17008,4.2,5.1,9.3,2.982,8.283,55727,169763,68.0,76.0,83.0,1.044,12.076,12.040,12.112,1374,57.912,24.502,38.111,29.667,28.584,20.769,5.969,23.910,1911.0,2003.4,1708.5,1900.9,37.0,18.0,8.0,0.0,77.4,11.5,36.1,0.0,9.8,0.0,39,Yes,No,No,Yes,No,No,No,46.9,48.3,2377,2291,85,8.0,10825,53810,116.545,1054.986,0,
26.12.2023,0:30:42.852,21009,13738,60.4,14004,2310,85.8,4.9,1.107,1.113,1.106,1.106,1.106,1.106,1.106,3393.9,3393.9,3393.9,3393.9,3393.9,3393.9,3393.9,99.8,2227.3,3034.6,1943.1,2304.2,1888.1,2163.0,2149.9,2370.1,2006.6,2361.6,2119.7,2264.4,2122.8,2227.3,8.6,65.6,3.9,3.9,2.3,3.9,3.1,3.9,4.6,3.1,3.1,2.3,3.1,65.6,8.6,67.6,75.0,60.1,71.5,58.4,67.3,66.8,73.9,62.4,73.6,66.0,70.4,65.9,67.6,34.0,34.0,34.0,34.0,34.0,34.0,34.0,0.0,89.3,89.3,86.4,87.6,89.7,90.9,91.6,10.7,10.7,13.6,12.3,10.3,9.1,8.4,0.0,0.0,0.0,0.0,0.0,0.0,0.0,1064.7,10.67,15,15,15,36,51,374,1,53.3,53.6,51.9,53.0,51.6,52.2,51.8,51.8,51.3,49.6,49.9,49.3,1.106,0.837,1.138,20.174,6.550,25.375,45.563,4.569,4.555,4.438,4.522,4.512,4.744,4.645,28.271,8.139,36.409,45.646,1066.7,1064.7,3399.9,3399.9,3399.9,52.0,42.3,56.5,102.7,No,No,No,39.0,50.0,23.0,40.0,1.120,1.264,3.376,3.360,12.091,0.848,1.224,3.456,3.280,0.936,1.064,5.040,0.328,1.848,2146,No,41,41,No,No,62037,84518,48,80.0,No,No,57289,39909,69.5,0.0,69.5,6.566,0.000,305076,17008,2.6,6.2,8.9,1.365,2.503,55729,169767,68.2,76.2,83.0,1.044,12.076,12.032,12.120,1382,55.492,23.571,34.903,28.684,26.179,20.589,6.011,25.061,1911.0,2003.4,1708.5,1901.3,38.0,20.0,14.0,0.0,77.4,11.2,34.9,0.0,9.9,0.0,39,Yes,No,No,Yes,No,No,No,53.3,46.2,2379,2293,85,8.0,10825,53813,263.967,1187.301,0,
26.12.2023,0:30:44.834,21088,13659,60.6,14059,2256,86.1,4.9,1.108,1.119,1.106,1.106,1.106,1.106,1.106,3393.9,3393.9,3393.9,3393.9,3393.9,3393.9,3393.9,99.8,2211.3,3042.4,1920.6,2331.0,1849.4,2207.7,2094.2,2339.0,2059.4,2224.7,2251.6,2222.1,1992.8,2211.3,7.2,68.7,0.7,3.9,3.9,0.7,1.5,0.0,3.1,0.7,0.7,2.3,0.7,68.7,7.2,67.0,74.6,59.5,72.3,57.2,68.5,65.3,72.9,64.0,69.1,70.2,69.0,61.8,67.0,34.0,34.0,34.0,34.0,34.0,34.0,34.0,0.0,89.7,89.5,87.4,89.2,90.2,92.4,89.7,10.2,10.5,12.6,10.8,9.7,7.5,10.1,0.1,0.0,0.0,0.0,0.2,0.1,0.2,1064.7,10.67,15,15,15,36,51,374,1,53.5,53.8,52.1,53.1,51.8,52.3,51.9,52.1,51.1,49.7,50.0,49.4,1.119,0.837,1.138,20.166,6.527,25.523,45.729,4.593,4.573,4.491,4.557,4.594,4.842,4.502,28.424,8.140,36.564,45.827,1066.7,1064.7,3399.9,3399.9,3399.9,52.2,42.5,56.6,102.7,No,No,No,39.0,50.0,22.0,40.0,1.120,1.264,3.376,3.376,12.038,0.848,1.216,3.456,3.280,0.936,1.064,5.064,0.328,1.848,2136,No,41,41,No,No,62037,84518,48,80.0,No,No,57289,39909,61.0,0.0,61.0,4.245,0.000,305084,17008,2.2,6.4,8.5,1.095,4.474,55731,169776,68.2,76.2,83.0,1.044,12.064,12.024,12.104,1376,58.824,33.339,38.730,29.146,29.050,20.094,58.178,24.839,1911.0,2003.4,1708.5,1901.8,41.0,20.0,9.0,0.0,77.5,10.9,34.2,0.0,9.6,0.0,39,Yes,No,No,Yes,No,No,No,53.0,49.0,2380,2294,85,8.0,10825,53815,163.702,1336.548,0,
26.12.2023,0:30:46.831,21072,13675,60.6,14062,2253,86.1,4.9,1.123,1.125,1.138,1.119,1.119,1.119,1.119,3393.9,3393.9,3393.9,3393.9,3393.9,3393.9,3393.9,99.8,1850.8,2875.9,1617.3,1977.8,1388.6,1823.6,1921.7,1958.6,1609.2,1983.2,1604.1,1819.8,1629.8,1850.8,5.5,61.2,0.7,0.0,0.0,1.5,0.0,0.7,1.5,0.0,0.0,0.7,0.0,61.2,5.5,55.0,65.4,49.5,60.9,42.3,56.2,59.0,60.5,49.7,61.2,49.6,55.5,50.1,55.0,34.0,34.0,34.0,34.0,34.0,34.0,34.0,0.0,82.4,84.6,78.9,83.5,82.3,83.1,81.9,15.5,15.1,20.0,14.3,14.7,13.4,15.3,2.3,0.4,1.2,2.7,3.3,3.7,2.9,1064.7,10.67,15,15,15,36,51,374,1,53.3,53.1,51.3,52.5,50.9,51.8,50.9,51.1,50.4,49.6,49.9,49.3,1.112,0.837,1.131,18.130,6.375,22.726,42.450,4.080,4.360,3.837,4.237,3.948,4.153,3.947,25.330,8.094,33.423,42.577,1066.7,1064.7,3400.7,3400.7,3400.7,48.5,37.9,55.9,103.0,No,No,No,39.0,50.0,23.0,40.0,1.120,1.264,3.376,3.376,12.091,0.848,1.216,3.440,3.280,0.936,1.064,5.064,0.328,1.848,2146,No,41,41,No,No,62037,84518,48,80.0,No,No,57289,39909,6.6,0.0,6.6,4.363,0.000,305093,17008,1.0,4.2,5.1,0.305,2.436,55732,169781,68.1,76.1,83.0,1.044,12.076,12.040,12.112,1381,58.926,24.530,37.786,29.956,28.342,21.139,5.986,23.971,1911.0,2003.4,1708.5,1902.9,37.0,18.0,8.0,0.0,77.5,10.2,32.0,0.0,8.7,0.0,39,Yes,No,No,Yes,No,No,No,46.5,49.1,2380,2294,85,8.0,10826,53818,134.657,1382.722,0,
26.12.2023,0:30:48.920,21055,13692,60.5,14047,2268,86.0,4.9,1.113,1.113,1.113,1.113,1.113,1.113,1.113,3393.9,3393.9,3393.9,3393.9,3393.9,3393.9,3393.9,99.8,1187.2,2330.6,821.4,1442.9,714.7,1148.1,1405.7,1295.2,878.3,1371.1,794.0,1133.0,911.2,1187.2,1.5,0.0,2.3,0.7,5.4,0.7,7.7,0.0,0.7,0.0,0.0,0.0,0.0,7.7,1.5,33.6,49.8,24.2,42.8,20.6,34.0,42.0,38.6,26.5,40.8,23.8,33.2,27.4,33.6,34.0,34.0,34.0,34.0,34.0,34.0,34.0,0.0,65.8,68.5,62.7,70.2,64.7,65.0,63.5,29.1,29.5,34.9,26.6,27.6,27.4,28.6,5.3,2.2,2.5,3.2,8.2,8.0,8.1,1064.7,10.67,15,15,15,36,51,374,1,52.8,51.6,49.6,50.7,49.4,50.4,49.2,49.5,48.4,48.7,49.0,48.4,1.119,0.837,1.138,14.535,6.011,16.635,35.347,3.002,3.211,2.868,3.304,2.842,3.011,2.776,18.699,7.986,26.686,35.391,1066.7,1064.7,3401.6,3401.6,3401.6,40.3,27.7,54.3,103.3,No,No,No,39.0,50.0,23.0,40.0,1.120,1.264,3.376,3.376,12.038,0.848,1.216,3.456,3.280,0.936,1.064,5.064,0.328,1.848,2149,No,41,41,No,No,62037,84518,48,80.0,No,No,57289,39909,13.5,0.0,13.5,6.503,0.000,305105,17008,0.6,4.2,4.8,0.388,1.921,55733,169784,68.1,76.1,83.0,1.044,12.060,12.016,12.104,1381,64.363,27.208,44.216,30.569,33.165,20.146,13.923,21.232,1911.0,2003.4,1708.5,1901.5,31.0,16.0,8.0,0.0,77.5,10.5,33.5,0.0,8.6,0.0,39,Yes,No,No,Yes,No,No,No,40.7,53.6,2380,2294,85,8.0,10826,53820,116.512,1176.061,0,
26.12.2023,0:30:50.837,21065,13682,60.6,14050,2265,86.1,4.9,1.129,1.125,1.125,1.131,1.131,1.131,1.131,3393.9,3393.9,3393.9,3393.9,3393.9,3393.9,3393.9,99.8,1366.9,2379.3,1066.3,1539.6,918.0,1300.2,1524.9,1567.3,1168.2,1583.8,983.5,1321.1,1050.3,1366.9,3.9,0.0,1.5,3.1,2.3,0.0,32.0,3.1,2.3,0.0,0.7,0.0,1.5,32.0,3.9,39.8,50.2,32.2,46.6,27.5,39.4,46.4,48.3,35.9,48.7,30.1,40.2,31.8,39.8,34.0,34.0,34.0,34.0,34.0,34.0,34.0,0.0,69.8,70.0,66.5,71.8,72.9,70.5,66.9,26.1,28.5,30.5,25.5,22.9,24.0,25.5,4.2,1.6,3.1,2.9,4.3,5.5,7.8,1064.7,10.67,15,15,15,36,51,374,1,52.5,52.1,50.1,51.1,49.9,50.7,50.0,50.0,49.1,49.0,49.3,48.7,1.125,0.837,1.131,15.729,6.098,18.386,37.380,3.294,3.383,3.141,3.499,3.343,3.356,3.043,20.576,8.004,28.580,37.476,1066.7,1064.7,3401.3,3401.3,3401.3,42.7,30.6,54.8,103.5,No,No,No,39.0,50.0,23.0,40.0,1.120,1.264,3.376,3.376,12.091,0.848,1.216,3.440,3.280,0.936,1.064,5.064,0.328,1.848,2139,No,41,41,No,No,62037,84518,48,80.0,No,No,57289,39909,30.1,0.0,30.1,5.092,0.000,305115,17008,0.3,0.5,0.8,0.162,0.625,55733,169785,68.3,76.3,83.0,1.044,12.076,12.032,12.120,1382,60.085,24.926,39.106,30.128,29.330,20.981,6.013,23.996,1911.0,2003.4,1708.5,1901.6,37.0,18.0,8.0,0.0,77.5,10.8,34.7,0.0,8.6,0.0,39,Yes,No,No,Yes,No,No,No,50.1,50.1,2380,2294,85,8.0,10826,53823,126.516,1197.749,0,
26.12.2023,0:30:52.861,21048,13699,60.5,14034,2281,86.0,4.9,1.128,1.131,1.138,1.125,1.125,1.125,1.125,3393.9,3393.9,3393.9,3393.9,3393.9,3393.9,3393.9,99.8,1276.1,2281.0,988.3,1408.8,751.1,1154.9,1608.4,1395.8,1132.8,1443.0,845.6,1241.3,1062.4,1276.1,4.7,0.0,4.6,2.3,0.0,4.6,36.4,2.3,2.3,0.7,0.7,0.7,2.3,36.4,4.7,37.0,47.9,30.0,42.5,22.3,34.8,49.2,42.6,34.8,43.9,25.8,37.6,32.4,37.0,34.0,34.0,34.0,34.0,34.0,34.0,34.0,0.0,66.4,67.1,58.9,71.8,69.5,65.0,66.1,28.3,31.4,35.9,26.4,23.2,27.2,25.9,5.4,1.6,5.3,1.9,7.4,8.0,8.2,1064.7,10.67,15,15,15,36,51,374,1,52.5,52.0,49.9,50.9,49.4,50.8,49.8,49.5,49.0,48.8,49.1,48.5,1.112,0.837,1.138,15.239,5.945,17.414,36.135,3.138,3.257,2.782,3.463,3.254,3.063,3.013,19.525,7.961,27.487,36.226,1066.7,1064.7,3401.0,3401.0,3401.0,41.3,29.0,54.8,103.2,No,No,No,39.0,50.0,22.0,40.0,1.120,1.264,3.376,3.376,12.091,0.848,1.216,3.456,3.280,0.936,1.064,5.064,0.328,1.848,2146,No,41,41,No,No,62037,84518,48,80.0,No,No,57289,39909,10.2,0.0,10.2,2.959,0.000,305121,17008,0.2,3.6,3.8,0.073,2.098,55733,169789,68.3,76.3,83.0,1.044,12.068,12.024,12.112,1381,63.048,26.148,42.631,30.493,31.976,20.465,6.015,25.309,1911.0,2003.4,1708.5,1901.8,37.0,18.0,8.0,0.0,77.5,10.6,33.8,0.0,8.7,0.0,39,Yes,No,No,Yes,No,No,No,49.9,52.5,2380,2294,85,8.0,10826,53825,107.675,1210.885,0,
26.12.2023,0:30:54.862,21033,13714,60.5,14029,2286,85.9,4.9,1.117,1.131,1.113,1.113,1.113,1.113,1.119,3393.9,3393.9,3393.9,3393.9,3393.9,3393.9,3393.9,99.8,1055.2,2050.5,714.7,1231.2,581.3,852.9,1478.5,1156.5,837.8,1221.9,714.6,923.6,899.3,1055.2,2.8,0.0,0.0,0.7,0.0,0.0,29.4,2.3,0.0,0.0,0.0,0.0,0.7,29.4,2.8,30.2,42.7,21.4,36.9,16.9,25.4,44.6,35.0,25.5,37.1,21.6,27.8,27.2,30.2,34.0,34.0,34.0,34.0,34.0,34.0,34.0,0.0,59.3,60.3,53.5,66.2,59.8,59.3,56.6,33.1,36.9,40.4,31.0,30.0,29.5,30.6,8.0,3.1,6.6,2.8,10.6,11.4,13.3,1064.7,10.67,15,15,15,36,51,374,1,52.3,51.1,49.1,49.9,48.9,50.0,48.8,49.0,48.1,48.5,48.8,48.2,1.125,0.837,1.138,13.535,5.898,14.904,33.278,2.687,2.817,2.455,3.084,2.612,2.678,2.477,16.773,7.935,24.708,33.323,1066.7,1064.7,3401.0,3401.0,3401.0,38.0,24.8,53.8,103.5,No,No,No,39.0,50.0,23.0,40.0,1.136,1.264,3.376,3.360,12.038,0.848,1.216,3.456,3.280,0.936,1.064,5.064,0.328,1.848,2146,No,41,41,No,No,62037,84518,48,80.0,No,No,57289,39909,9.4,0.0,9.4,4.156,0.000,305128,17008,0.1,0.8,0.9,0.120,0.570,55733,169791,68.4,76.4,83.0,1.044,12.080,12.040,12.120,1386,58.414,24.382,37.487,29.667,28.118,20.926,6.036,24.055,1911.0,2003.4,1708.5,1901.8,36.0,18.0,8.0,0.0,77.5,10.6,34.0,0.0,8.6,0.0,39,Yes,No,No,Yes,No,No,No,46.0,48.7,2380,2294,85,8.0,10827,53827,111.035,1137.441,0,
26.12.2023,0:30:56.869,21078,13669,60.6,14044,2271,86.0,4.9,1.122,1.119,1.119,1.119,1.125,1.125,1.125,3393.9,3393.9,3393.9,3393.9,3393.9,3393.9,3393.9,99.8,1135.4,2142.4,836.2,1284.2,729.4,946.6,1532.9,1315.3,860.8,1221.0,817.2,1032.3,906.6,1135.4,2.6,0.0,0.0,0.7,1.5,10.1,17.9,0.0,0.0,0.0,0.0,0.7,0.7,17.9,2.6,32.6,45.8,25.0,38.3,21.5,27.9,46.5,39.9,26.2,36.9,24.9,30.9,27.3,32.6,34.0,34.0,34.0,34.0,34.0,34.0,34.0,0.0,61.2,63.0,57.4,66.8,62.6,60.1,57.5,31.8,34.8,37.7,30.9,28.0,28.5,30.9,7.2,2.3,5.0,2.5,9.7,11.9,12.0,1064.7,10.67,15,15,15,36,51,374,1,52.3,51.3,49.3,50.3,49.1,50.1,49.0,49.1,48.1,48.6,48.8,48.3,1.125,0.837,1.138,14.053,5.915,15.778,34.279,2.842,3.033,2.689,3.183,2.775,2.792,2.579,17.732,7.947,25.680,34.351,1066.7,1064.7,3401.9,3401.9,3401.9,39.1,26.3,54.0,103.4,No,No,No,39.0,49.0,23.0,40.0,1.136,1.264,3.376,3.376,12.038,0.848,1.216,3.456,3.280,0.936,1.064,5.064,0.328,1.848,2139,No,41,41,No,No,62037,84518,48,80.0,No,No,57289,39909,11.4,0.0,11.4,4.077,0.000,305136,17008,0.1,1.2,1.2,0.065,2.143,55734,169795,68.5,76.5,83.0,1.044,12.076,12.040,12.112,1386,62.409,25.926,41.015,31.015,30.764,21.393,6.034,25.334,1911.0,2003.4,1708.5,1901.6,36.0,18.0,8.0,0.0,77.5,10.6,33.7,0.0,8.6,0.0,39,Yes,No,No,Yes,No,No,No,51.5,52.0,2380,2294,85,8.0,10827,53830,141.769,1191.900,0,
26.12.2023,0:30:58.869,21092,13655,60.7,14051,2264,86.1,4.9,1.125,1.125,1.125,1.125,1.125,1.125,1.125,3393.9,3393.9,3393.9,3393.9,3393.9,3393.9,3393.9,99.8,996.7,2049.1,687.4,1127.0,564.5,859.3,1423.2,1091.8,790.9,1098.3,618.2,866.6,784.2,996.7,1.4,0.0,3.1,0.0,0.0,13.2,0.0,0.7,0.0,0.0,0.0,0.0,0.0,13.2,1.4,28.4,43.7,20.5,33.5,16.4,24.9,43.5,32.9,24.1,33.1,18.7,25.9,23.7,28.4,34.0,34.0,34.0,34.0,34.0,34.0,34.0,0.0,57.0,60.3,52.0,63.6,57.7,54.6,54.1,34.3,37.0,41.7,32.0,29.9,32.1,33.2,9.1,3.3,6.5,4.9,13.2,13.8,13.0,1064.7,10.67,15,15,15,36,51,374,1,52.1,50.9,48.9,49.9,48.7,49.9,48.5,48.5,47.8,48.3,48.7,48.0,1.119,0.837,1.138,13.319,5.896,14.296,32.539,2.575,2.875,2.329,3.090,2.484,2.404,2.271,16.094,7.923,24.017,32.620,1066.7,1064.7,3402.8,3402.8,3402.8,37.2,23.8,53.6,103.5,No,No,No,39.0,50.0,22.0,40.0,1.120,1.264,3.376,3.376,12.038,0.848,1.216,3.456,3.280,0.936,1.064,5.064,0.328,1.848,2136,No,41,41,No,No,62037,84518,48,80.0,No,No,57289,39909,17.1,0.0,17.1,5.250,0.000,305146,17008,0.1,0.4,0.5,0.065,0.584,55734,169796,68.5,76.5,83.0,1.044,12.072,12.032,12.112,1394,61.519,25.425,41.015,30.128,30.764,20.503,6.052,24.089,1911.0,2003.4,1708.5,1901.7,36.0,18.0,8.0,0.0,77.5,10.5,33.4,0.0,8.6,0.0,39,Yes,No,No,Yes,No,No,No,49.3,51.3,2380,2294,85,8.0,10827,53832,110.617,1173.206,0,
26.12.2023,0:31:0.893,21102,13645,60.7,14047,2268,86.0,4.9,1.130,1.144,1.144,1.138,1.119,1.119,1.119,3393.9,3393.9,3393.9,3393.9,3393.9,3393.9,3393.9,99.8,1010.9,2098.5,728.7,1089.2,641.9,835.8,1456.5,1057.8,766.4,1174.8,562.3,921.5,796.9,1010.9,2.0,0.0,0.7,0.7,0.0,1.5,17.8,0.0,0.0,0.7,0.0,2.3,0.0,17.8,2.0,28.6,43.3,21.8,32.2,18.8,24.6,44.0,31.6,23.2,35.3,17.0,27.5,23.9,28.6,34.0,34.0,34.0,34.0,34.0,34.0,34.0,0.0,58.3,61.7,53.4,66.2,56.8,55.5,56.3,33.5,35.8,40.4,31.2,31.1,30.5,32.2,8.5,2.9,6.6,2.6,12.6,14.4,12.1,1064.7,10.67,15,15,15,36,51,374,1,52.0,51.0,48.9,50.0,48.8,49.9,48.4,48.4,47.7,48.3,48.6,48.0,1.131,0.837,1.138,13.210,5.884,14.400,32.670,2.597,2.878,2.393,3.055,2.439,2.457,2.359,16.210,7.923,24.134,32.737,1066.7,1064.7,3401.1,3401.1,3401.1,37.3,24.0,53.7,103.5,No,No,No,39.0,49.0,23.0,40.0,1.120,1.264,3.376,3.376,12.091,0.848,1.216,3.456,3.280,0.936,1.064,5.064,0.328,1.848,2146,No,41,41,No,No,62037,84518,48,80.0,No,No,57289,39909,99.7,0.0,99.7,7.042,0.000,305160,17008,0.1,1.3,1.4,0.069,1.303,55734,169798,68.7,76.7,83.0,1.044,12.072,12.032,12.112,1394,61.768,26.053,41.984,30.802,31.491,20.935,6.110,24.995,1911.0,2003.4,1708.5,1901.5,37.0,18.0,8.0,0.0,77.5,10.6,33.7,0.0,8.6,0.0,39,Yes,No,No,Yes,No,No,No,50.0,51.5,2380,2294,85,8.0,10827,53834,98.323,1220.695,0,
26.12.2023,0:31:3.067,21119,13628,60.7,14058,2257,86.1,4.9,1.115,1.119,1.119,1.106,1.106,1.106,1.131,3393.9,3393.9,3393.9,3393.9,3393.9,3393.9,3393.9,99.8,1415.3,2535.9,1181.1,1631.2,925.8,1326.4,1631.5,1550.2,1097.1,1657.5,963.2,1388.3,1095.3,1415.3,4.0,3.1,1.5,30.4,3.1,1.5,3.9,2.3,0.0,0.0,0.0,1.5,0.7,30.4,4.0,40.6,53.3,35.5,48.6,27.7,39.7,49.5,46.7,33.4,49.6,29.0,40.9,33.2,40.6,34.0,34.0,34.0,34.0,34.0,34.0,34.0,0.0,72.8,74.6,69.3,77.0,72.9,73.0,69.9,24.7,24.8,29.2,21.6,23.4,23.3,26.0,2.6,0.6,1.6,1.4,3.9,3.8,4.4,1064.7,10.67,15,15,15,36,51,374,1,52.0,52.1,50.0,51.1,49.8,50.8,49.8,49.8,49.0,48.8,49.1,48.6,1.112,0.837,1.138,16.100,6.052,19.104,38.145,3.444,3.594,3.276,3.703,3.404,3.432,3.256,21.390,7.998,29.388,38.215,1066.7,1064.7,3400.1,3400.1,3400.1,43.6,31.8,54.8,103.1,No,No,No,39.0,49.0,22.0,40.0,1.120,1.264,3.376,3.360,12.091,0.848,1.216,3.456,3.280,0.936,1.064,5.064,0.328,1.848,2139,No,41,41,No,No,62037,84518,48,80.0,No,No,57289,39909,13.6,0.0,13.6,3.839,0.000,305167,17008,0.1,0.3,0.3,0.065,0.473,55734,169799,68.6,76.6,83.0,1.044,12.080,12.040,12.120,1394,57.834,24.405,37.487,29.089,28.118,20.347,6.203,25.186,1911.0,2003.4,1708.5,1901.6,36.0,18.0,8.0,0.0,77.5,10.8,34.3,0.0,8.8,0.0,39,Yes,No,No,Yes,No,No,No,46.0,48.2,2380,2294,85,8.0,10828,53837,113.149,1132.056,0,
26.12.2023,0:31:4.901,21127,13620,60.8,14056,2259,86.1,4.9,1.117,1.125,1.119,1.119,1.113,1.113,1.113,3393.9,3393.9,3393.9,3393.9,3393.9,3393.9,3393.9,99.8,1191.7,2390.4,950.5,1527.8,587.5,1009.4,1538.6,1237.6,901.1,1404.7,733.1,1114.1,905.8,1191.7,3.0,0.7,1.5,32.5,0.0,1.5,0.0,0.0,0.0,0.0,0.0,0.0,0.0,32.5,3.0,33.5,49.0,28.4,44.8,17.1,29.7,46.0,36.3,27.2,41.7,21.9,32.9,26.8,33.5,34.0,34.0,34.0,34.0,34.0,34.0,34.0,0.0,66.9,70.3,64.4,71.4,65.4,65.7,64.1,28.4,28.4,34.2,25.9,27.5,26.8,27.8,4.8,1.4,1.4,2.8,7.2,7.7,8.4,1064.7,10.67,15,15,15,36,51,374,1,52.0,51.4,49.5,50.6,49.4,50.2,48.9,49.2,48.4,48.7,49.0,48.4,1.119,0.837,1.138,14.587,6.002,16.836,35.522,3.027,3.306,2.932,3.305,2.815,3.004,2.798,18.888,7.980,26.868,35.606,1066.7,1064.7,3400.8,3400.8,3400.8,40.6,28.1,54.1,103.3,No,No,No,39.0,49.0,23.0,40.0,1.120,1.264,3.376,3.376,12.091,0.848,1.216,3.456,3.280,0.936,1.064,5.064,0.328,1.848,2146,No,41,41,No,No,62037,84518,48,80.0,No,No,57289,39909,10.5,0.0,10.5,3.598,0.000,305174,17008,0.2,0.8,0.9,0.139,1.794,55734,169803,68.7,76.7,83.0,1.044,12.084,12.048,12.120,1396,57.322,24.028,36.518,29.301,27.391,20.803,6.088,24.066,1911.0,2003.4,1708.5,1901.4,37.0,18.0,8.0,0.0,77.5,10.6,33.5,0.0,8.7,0.0,39,Yes,No,No,Yes,No,No,No,48.1,47.8,2380,2294,85,8.0,10828,53839,110.419,1217.545,0,
26.12.2023,0:31:6.917,21135,13611,60.8,14061,2253,86.1,4.9,1.123,1.125,1.125,1.125,1.125,1.119,1.119,3393.9,3393.9,3393.9,3393.9,3393.9,3393.9,3393.9,99.8,1044.4,2093.9,749.8,1264.1,618.8,885.7,1358.0,1121.2,864.4,1183.4,659.0,872.7,862.0,1044.4,2.5,0.7,0.0,29.4,0.0,0.0,0.0,0.0,0.0,0.0,0.0,0.0,0.0,29.4,2.5,29.8,44.5,22.5,37.3,18.2,26.2,41.3,33.7,26.3,35.9,19.9,26.0,26.0,29.8,34.0,34.0,34.0,34.0,34.0,34.0,34.0,0.0,58.9,61.6,56.1,63.7,59.7,57.4,55.0,33.7,35.7,40.7,32.4,29.6,31.8,32.0,7.7,3.3,3.5,3.9,11.1,11.0,13.7,1064.7,10.67,15,15,15,36,51,374,1,51.9,51.0,49.0,50.0,49.1,49.7,48.7,48.8,47.9,48.4,48.7,48.1,1.125,0.837,1.131,13.518,5.885,14.870,33.216,2.678,2.960,2.592,2.947,2.586,2.612,2.370,16.713,7.931,24.645,33.270,1066.7,1064.7,3401.0,3401.0,3401.0,37.9,24.8,53.7,103.5,No,No,No,39.0,49.0,23.0,40.0,1.136,1.264,3.376,3.376,12.038,0.848,1.216,3.456,3.280,0.936,1.064,5.064,0.328,1.848,2146,No,41,41,No,No,62037,84518,48,80.0,No,No,57289,39909,20.3,0.0,20.3,3.233,0.000,305180,17008,0.1,0.6,0.7,0.097,0.201,55734,169803,68.8,76.8,83.0,1.044,12.072,12.024,12.120,1394,63.407,26.297,42.659,30.781,31.997,20.748,6.101,25.495,1911.0,2003.4,1708.5,1901.1,37.0,19.0,8.0,0.0,77.5,10.9,34.7,0.0,8.7,0.0,39,Yes,No,No,Yes,No,No,No,47.4,50.4,2380,2294,85,8.0,10828,53841,125.918,1184.166,0,
26.12.2023,0:31:9.115,21120,13626,60.7,14060,2255,86.1,4.9,1.130,1.125,1.131,1.131,1.131,1.131,1.131,3393.9,3393.9,3393.9,3393.9,3393.9,3393.9,3393.9,99.8,1378.8,2548.9,1117.3,1702.8,905.4,1263.7,1592.8,1469.3,1012.5,1566.6,966.8,1382.2,1017.7,1378.8,3.9,0.0,0.7,36.7,3.9,0.0,0.7,0.0,1.5,1.5,0.7,0.0,0.7,36.7,3.9,39.1,53.9,33.5,50.8,27.0,37.4,47.3,43.6,30.6,46.1,29.0,40.4,30.3,39.1,34.0,34.0,34.0,34.0,34.0,34.0,34.0,0.0,72.8,75.0,71.9,76.5,70.9,72.0,70.6,24.8,24.2,27.1,21.8,25.5,24.9,25.3,2.4,0.8,1.1,1.8,3.6,3.2,4.0,1064.7,10.67,15,15,15,36,51,374,1,52.0,51.8,49.9,50.9,49.9,50.4,49.4,49.7,48.7,48.8,49.2,48.5,1.119,0.837,1.131,15.801,6.067,18.943,37.956,3.407,3.624,3.401,3.611,3.217,3.424,3.166,21.199,8.002,29.202,38.038,1066.7,1064.7,3400.2,3400.2,3400.2,43.3,31.6,54.5,103.2,No,No,No,39.0,49.0,23.0,40.0,1.120,1.264,3.376,3.376,12.091,0.848,1.216,3.456,3.280,0.936,1.064,5.064,0.328,1.848,2106,No,41,41,No,No,62037,84518,48,80.0,No,No,57289,39909,22.3,0.0,22.3,4.452,0.000,305189,17008,0.1,1.7,1.7,0.065,1.815,55735,169806,68.7,76.7,83.0,1.044,12.076,12.040,12.112,1398,57.574,26.215,37.142,29.089,27.858,20.433,16.431,26.338,1911.0,2003.4,1708.5,1901.5,26.0,14.0,8.0,0.0,77.5,10.4,33.0,0.0,8.7,0.0,39,Yes,No,No,Yes,No,No,No,51.9,48.0,2380,2294,85,8.0,10828,53844,146.692,1118.081,0,
26.12.2023,0:31:10.922,21098,13649,60.7,14051,2264,86.1,4.9,1.125,1.119,1.119,1.119,1.131,1.131,1.131,3393.9,3393.9,3393.9,3393.9,3393.9,3393.9,3393.9,99.8,1391.0,2546.4,1089.8,1609.7,874.6,1211.2,1652.1,1527.3,1095.4,1718.6,853.2,1419.1,1094.2,1391.0,4.1,0.0,0.7,38.2,1.5,0.0,2.3,0.7,1.5,0.0,0.0,3.1,0.7,38.2,4.1,40.0,56.2,32.8,47.7,26.1,36.2,50.0,45.5,33.3,52.1,25.6,41.9,32.9,40.0,34.0,34.0,34.0,34.0,34.0,34.0,34.0,0.0,72.3,74.9,68.0,75.9,71.0,72.5,71.4,24.7,24.1,30.8,21.9,24.2,22.6,24.3,3.2,1.2,1.3,2.2,4.9,4.9,4.6,1064.7,10.67,15,15,15,36,51,374,1,52.0,51.9,49.9,51.1,49.7,50.6,49.6,49.7,48.9,48.8,49.2,48.5,1.112,0.837,1.138,15.882,6.064,19.006,38.008,3.422,3.610,3.113,3.878,3.245,3.403,3.282,21.265,7.994,29.259,38.090,1066.7,1064.7,3400.7,3400.7,3400.7,43.4,31.7,54.6,103.1,No,No,No,39.0,49.0,23.0,40.0,1.120,1.264,3.360,3.376,12.038,0.848,1.216,3.456,3.280,0.936,1.064,5.064,0.328,1.848,2112,No,41,41,No,No,62037,84518,48,80.0,No,No,57289,39909,63.4,0.0,63.4,4.909,0.000,305198,17008,0.1,0.2,0.3,0.066,0.300,55735,169807,68.8,76.8,83.0,1.044,12.072,12.032,12.112,1394,60.408,25.061,40.049,29.743,30.038,20.361,6.107,24.070,1911.0,2003.4,1708.5,1901.9,36.0,18.0,8.0,0.0,77.5,10.4,33.0,0.0,8.6,0.0,39,Yes,No,No,Yes,No,No,No,51.3,47.2,2381,2295,85,8.0,10829,53846,109.521,1181.412,0,
26.12.2023,0:31:12.962,21067,13679,60.6,14043,2272,86.0,4.9,1.115,1.125,1.113,1.113,1.113,1.113,1.113,3393.9,3393.9,3393.9,3393.9,3393.9,3393.9,3393.9,99.8,1466.8,2361.9,1138.7,1728.3,950.9,1340.7,1676.6,1632.4,1273.6,1762.1,1061.7,1417.2,1257.4,1466.8,5.3,0.0,1.5,41.8,0.7,3.8,4.6,3.1,1.5,1.5,1.5,2.3,1.5,41.8,5.3,43.0,52.0,34.6,52.4,28.7,40.7,51.4,49.7,39.1,53.8,32.6,43.1,38.5,43.0,34.0,34.0,34.0,34.0,34.0,34.0,34.0,0.0,70.9,69.5,67.8,73.6,73.3,72.2,69.3,25.5,28.8,30.3,23.7,22.1,23.2,24.7,3.8,1.9,2.1,2.9,4.9,4.7,6.2,1064.7,10.67,15,15,15,36,51,374,1,52.3,52.4,50.3,51.2,50.1,51.0,50.1,50.2,49.4,48.9,49.2,48.7,1.125,0.837,1.138,16.349,5.999,19.070,38.056,3.439,3.396,3.289,3.627,3.488,3.527,3.308,21.352,7.980,29.332,38.119,1066.7,1064.7,3400.5,3400.5,3400.5,43.4,31.8,55.1,103.0,No,No,No,39.0,49.0,23.0,40.0,1.120,1.264,3.376,3.376,12.038,0.848,1.216,3.456,3.280,0.936,1.064,5.064,0.328,1.848,2115,No,41,41,No,No,62037,84518,48,80.0,No,No,57289,39909,84.8,0.0,84.8,5.511,0.000,305209,17008,0.1,0.9,1.0,0.079,1.288,55735,169810,68.8,76.8,83.0,1.044,12.076,12.032,12.120,1399,61.836,24.760,38.781,29.839,29.088,20.772,6.133,23.948,1911.0,2003.4,1708.5,1901.5,37.0,18.0,8.0,0.0,77.5,10.7,34.2,0.0,8.7,0.0,39,Yes,No,No,Yes,No,No,No,47.4,51.5,2380,2294,85,8.0,10829,53848,94.493,1121.011,0,
26.12.2023,0:31:14.929,21097,13649,60.7,14055,2260,86.1,4.8,1.120,1.125,1.119,1.119,1.119,1.119,1.119,3393.9,3393.9,3393.9,3393.9,3393.9,3393.9,3393.9,99.8,1186.0,2300.0,918.4,1483.0,650.1,1075.9,1447.9,1297.8,920.9,1338.0,772.6,1101.6,925.3,1186.0,3.0,7.0,0.0,11.7,0.0,0.7,14.8,0.0,0.7,0.0,0.0,0.0,0.7,14.8,3.0,33.7,49.1,27.5,44.1,19.0,31.9,43.5,38.7,27.9,39.8,23.2,32.5,27.7,33.7,34.0,34.0,34.0,34.0,34.0,34.0,34.0,0.0,64.4,67.6,60.8,69.8,63.8,62.2,62.0,29.5,30.4,35.3,27.2,27.0,28.1,29.2,6.3,2.2,4.0,3.0,9.5,10.2,9.1,1064.7,10.67,15,15,15,36,51,374,1,52.3,51.3,49.4,50.5,49.3,50.2,48.9,49.0,48.2,48.6,48.9,48.3,1.119,0.837,1.138,14.321,5.982,16.391,35.027,2.951,3.266,2.818,3.255,2.827,2.861,2.681,18.411,7.975,26.385,35.122,1066.7,1064.7,3402.0,3402.0,3402.0,40.0,27.3,54.0,103.4,No,No,No,39.0,49.0,23.0,40.0,1.136,1.264,3.376,3.376,12.038,0.848,1.216,3.456,3.280,0.936,1.064,5.064,0.328,1.848,2106,No,41,41,No,No,62037,84518,48,80.0,No,No,57289,39909,100.0,0.0,100.0,6.074,0.000,305220,17008,0.1,0.4,0.5,0.065,1.164,55735,169812,68.8,76.8,83.0,1.044,12.076,12.032,12.120,1401,59.795,24.857,39.106,29.839,29.330,20.691,6.133,24.045,1911.0,2003.4,1708.5,1901.5,37.0,19.0,8.0,0.0,77.5,10.5,33.5,0.0,8.7,0.0,40,Yes,No,No,Yes,No,No,No,50.7,47.3,2380,2294,85,8.0,10829,53850,132.916,1214.863,0,
26.12.2023,0:31:17.048,21102,13645,60.7,14059,2255,86.1,4.8,1.114,1.113,1.113,1.113,1.113,1.113,1.119,3393.9,3393.9,3393.9,3393.9,3393.9,3393.9,3393.9,99.8,1067.8,2154.4,904.2,1243.3,587.3,970.5,1357.0,1161.9,861.4,1133.4,672.5,902.2,865.9,1067.8,1.8,1.5,0.0,0.0,0.7,9.3,7.0,0.0,1.5,0.7,0.7,0.0,0.0,9.3,1.8,30.1,42.4,27.2,36.9,17.1,28.3,41.2,34.8,26.2,34.0,20.2,26.8,26.1,30.1,34.0,34.0,34.0,34.0,34.0,34.0,34.0,0.0,59.7,63.4,54.8,65.6,61.7,57.0,55.5,32.6,34.0,39.3,31.4,28.6,31.2,31.4,7.9,2.8,6.1,3.2,9.9,12.1,13.6,1064.7,10.67,15,15,15,36,51,374,1,52.0,51.0,49.0,50.1,48.9,49.8,48.7,48.6,47.9,48.4,48.7,48.1,1.112,0.837,1.131,13.524,5.878,14.922,33.314,2.694,3.012,2.479,3.026,2.671,2.544,2.431,16.810,7.936,24.745,33.360,1066.7,1064.7,3401.6,3401.6,3401.6,38.0,24.9,53.7,103.5,No,No,No,39.0,49.0,23.0,40.0,1.120,1.264,3.376,3.376,12.038,0.848,1.216,3.440,3.280,0.936,1.064,5.064,0.328,1.840,2115,No,41,41,No,No,62037,84518,48,80.0,No,No,57289,39909,100.0,0.0,100.0,7.228,0.000,305234,17008,0.1,0.2,0.3,0.065,0.513,55735,169813,69.1,77.1,83.0,1.044,12.060,12.016,12.104,1401,63.124,26.644,43.571,31.338,32.681,21.074,6.150,25.050,1911.0,2003.4,1708.5,1901.2,36.0,18.0,8.0,0.0,77.5,10.5,33.6,0.0,8.6,0.0,40,Yes,No,No,Yes,No,No,No,50.2,52.6,2380,2294,85,8.0,10829,53853,111.491,1202.870,0,
26.12.2023,0:31:19.015,21134,13613,60.8,14086,2229,86.3,4.8,1.111,1.113,1.113,1.113,1.113,1.106,1.113,3393.9,3393.9,3393.9,3393.9,3393.9,3393.9,3393.9,99.8,1491.5,2673.6,1307.7,1747.6,976.1,1424.4,1595.2,1564.1,1260.4,1699.2,1054.7,1534.0,1060.5,1491.5,3.0,28.1,0.7,0.0,3.1,0.7,2.3,0.0,0.0,0.0,0.0,0.7,0.7,28.1,3.0,42.5,56.0,38.9,52.2,28.5,42.3,47.7,46.8,38.1,50.8,31.5,45.6,31.4,42.5,34.0,34.0,34.0,34.0,34.0,34.0,34.0,0.0,74.8,78.6,71.5,77.2,75.6,73.8,72.3,22.2,20.6,26.2,20.5,20.6,21.8,23.2,3.2,0.9,2.5,2.4,3.8,4.5,4.8,1064.7,10.67,15,15,15,36,51,374,1,52.0,52.0,50.0,51.3,49.8,50.6,49.7,49.8,48.9,48.9,49.2,48.5,1.112,0.837,1.131,16.141,6.185,19.650,38.862,3.535,3.828,3.421,3.704,3.465,3.518,3.277,21.982,8.043,30.026,38.944,1066.7,1064.7,3400.8,3400.8,3400.8,44.4,32.8,54.7,103.2,No,No,No,39.0,49.0,23.0,40.0,1.120,1.264,3.360,3.376,12.091,0.848,1.216,3.456,3.280,0.936,1.064,5.064,0.328,1.848,2115,No,41,41,No,No,62037,84518,48,80.0,No,No,57289,39909,44.9,0.0,44.9,5.144,0.000,305244,17008,0.9,3.2,4.1,0.555,1.826,55736,169816,68.8,76.8,83.0,1.044,12.060,12.024,12.096,1408,63.779,26.851,43.542,30.493,32.659,20.236,6.044,28.129,1911.0,2003.4,1708.5,1900.8,25.0,14.0,9.0,0.0,77.4,10.5,32.9,0.0,9.0,0.0,40,Yes,No,No,Yes,No,No,No,52.1,53.1,2377,2291,85,8.0,10829,53855,124.163,1098.895,0,
Date,Time,"Virtual Memory Committed [MB]","Virtual Memory Available [MB]","Virtual Memory Load [%]","Physical Memory Used [MB]","Physical Memory Available [MB]","Physical Memory Load [%]","Page File Usage [%]","Core VIDs (avg) [V]","Core 0 VID [V]","Core 1 VID [V]","Core 2 VID [V]","Core 3 VID [V]","Core 4 VID [V]","Core 5 VID [V]","Core Clocks (avg) [MHz]","Core 0 Clock [MHz]","Core 1 Clock [MHz]","Core 2 Clock [MHz]","Core 3 Clock [MHz]","Core 4 Clock [MHz]","Core 5 Clock [MHz]","Bus Clock [MHz]","Core Effective Clocks (avg) [MHz]","Core 0 T0 Effective Clock [MHz]","Core 0 T1 Effective Clock [MHz]","Core 1 T0 Effective Clock [MHz]","Core 1 T1 Effective Clock [MHz]","Core 2 T0 Effective Clock [MHz]","Core 2 T1 Effective Clock [MHz]","Core 3 T0 Effective Clock [MHz]","Core 3 T1 Effective Clock [MHz]","Core 4 T0 Effective Clock [MHz]","Core 4 T1 Effective Clock [MHz]","Core 5 T0 Effective Clock [MHz]","Core 5 T1 Effective Clock [MHz]","Average Effective Clock [MHz]","Core Usage (avg) [%]","Core 0 T0 Usage [%]","Core 0 T1 Usage [%]","Core 1 T0 Usage [%]","Core 1 T1 Usage [%]","Core 2 T0 Usage [%]","Core 2 T1 Usage [%]","Core 3 T0 Usage [%]","Core 3 T1 Usage [%]","Core 4 T0 Usage [%]","Core 4 T1 Usage [%]","Core 5 T0 Usage [%]","Core 5 T1 Usage [%]","Max CPU/Thread Usage [%]","Total CPU Usage [%]","Core Utility (avg) [%]","Core 0 T0 Utility [%]","Core 0 T1 Utility [%]","Core 1 T0 Utility [%]","Core 1 T1 Utility [%]","Core 2 T0 Utility [%]","Core 2 T1 Utility [%]","Core 3 T0 Utility [%]","Core 3 T1 Utility [%]","Core 4 T0 Utility [%]","Core 4 T1 Utility [%]","Core 5 T0 Utility [%]","Core 5 T1 Utility [%]","Total CPU Utility [%]","Core Ratios (avg) [x]","Core 0 Ratio [x]","Core 1 Ratio [x]","Core 2 Ratio [x]","Core 3 Ratio [x]","Core 4 Ratio [x]","Core 5 Ratio [x]","Package C6 Residency [%]","Core C0 Residency (avg) [%]","Core 0 C0 Residency [%]","Core 1 C0 Residency [%]","Core 2 C0 Residency [%]","Core 3 C0 Residency [%]","Core 4 C0 Residency [%]","Core 5 C0 Residency [%]","Core C1 Residency (avg) [%]","Core 0 C1 Residency [%]","Core 1 C1 Residency [%]","Core 2 C1 Residency [%]","Core 3 C1 Residency [%]","Core 4 C1 Residency [%]","Core 5 C1 Residency [%]","Core C6 Residency (avg) [%]","Core 0 C6 Residency [%]","Core 1 C6 Residency [%]","Core 2 C6 Residency [%]","Core 3 C6 Residency [%]","Core 4 C6 Residency [%]","Core 5 C6 Residency [%]","Memory Clock [MHz]","Memory Clock Ratio [x]","Tcas [T]","Trcd [T]","Trp [T]","Tras [T]","Trc [T]","Trfc [T]","Command Rate [T]","CPU (Tctl/Tdie) [°C]","CPU Die (average) [°C]","Core Temperatures (avg) [°C]","Core0 (Die1) [°C]","Core1 (Die1) [°C]","Core2 (Die1) [°C]","Core4 (Die1) [°C]","Core5 (Die1) [°C]","Core6 (Die1) [°C]","L3 Temperatures (avg) [°C]","L3 Cache (Die1:CCX1) [°C]","L3 Cache (Die1:CCX2) [°C]","CPU Core Voltage (SVI2 TFN) [V]","SoC Voltage (SVI2 TFN) [V]","CPU Core VID (Effective) [V]","CPU Core Current (SVI2 TFN) [A]","SoC Current (SVI2 TFN) [A]","CPU TDC [A]","CPU Package Power [W]","Core Powers (avg) [W]","Core 0 Power [W]","Core 1 Power [W]","Core 2 Power [W]","Core 3 Power [W]","Core 4 Power [W]","Core 5 Power [W]","CPU Core Power (SVI2 TFN) [W]","CPU SoC Power (SVI2 TFN) [W]","Core+SoC Power (SVI2 TFN) [W]","CPU PPT [W]","Infinity Fabric Clock (FCLK) [MHz]","Memory Controller Clock (UCLK) [MHz]","L3 Clocks (avg) [MHz]","L3 Cache (Die1:CCX1) [MHz]","L3 Cache (Die1:CCX2) [MHz]","CPU PPT Limit [%]","CPU TDC Limit [%]","Thermal Limit [%]","Power Reporting Deviation (Accuracy) [%]","Thermal Throttling (HTC) [Yes/No]","Thermal Throttling (PROCHOT CPU) [Yes/No]","Thermal Throttling (PROCHOT EXT) [Yes/No]","Motherboard [°C]","CPU [°C]","AUXTIN2 [°C]","CPU (PECI) [°C]","Vcore [V]","VIN1 [V]","+3.3V (AVCC) [V]","+3.3V (3VCC) [V]","+12V [V]","VCOREREFIN [V]","VIN4 [V]","3VSB [V]","VBAT [V]","VIN5 [V]","VIN6 [V]","+5V [V]","VIN3 [V]","VIN7 [V]","CPU1 [RPM]","Chassis Intrusion [Yes/No]","Drive Temperature [°C]","Drive Airflow Temperature [°C]","Drive Failure [Yes/No]","Drive Warning [Yes/No]","Total Host Writes [GB]","Total Host Reads [GB]","Drive Temperature [°C]","Drive Remaining Life [%]","Drive Failure [Yes/No]","Drive Warning [Yes/No]","Total Host Writes [GB]","Total Host Reads [GB]","Read Activity [%]","Write Activity [%]","Total Activity [%]","Read Rate [MB/s]","Write Rate [MB/s]","Read Total [MB]","Write Total [MB]","Read Activity [%]","Write Activity [%]","Total Activity [%]","Read Rate [MB/s]","Write Rate [MB/s]","Read Total [MB]","Write Total [MB]","GPU Temperature [°C]","GPU Hot Spot Temperature [°C]","GPU Thermal Limit [°C]","GPU Core Voltage [V]","GPU Rail Voltages (avg) [V]","GPU PCIe +12V Input Voltage [V]","GPU 6-pin #1 Input Voltage [V]","GPU Fan [RPM]","GPU Power [W]","GPU Rail Powers (avg) [W]","GPU Core (NVVDD) Input Power (sum) [W]","GPU PCIe +12V Input Power [W]","GPU 6-pin #1 Input Power [W]","GPU Input PP Source Power (sum) [W]","GPU Core (NVVDD) Output Power [W]","GPU Core (NVVDD) Output Power [W]","GPU Clock [MHz]","GPU Memory Clock [MHz]","GPU Video Clock [MHz]","GPU Effective Clock [MHz]","GPU Core Load [%]","GPU Memory Controller Load [%]","GPU Video Engine Load [%]","GPU Bus Load [%]","GPU Memory Usage [%]","GPU D3D Usages (avg) [%]","GPU D3D Usage [%]","GPU Video Decode 0 Usage [%]","GPU Video Encode 0 Usage [%]","GPU VR Usage [%]","GPU Fan [%]","GPU Performance Limiters (avg) [Yes/No]","Performance Limit - Power [Yes/No]","Performance Limit - Thermal [Yes/No]","Performance Limit - Reliability Voltage [Yes/No]","Performance Limit - Max Operating Voltage [Yes/No]","Performance Limit - Utilization [Yes/No]","Performance Limit - SLI GPUBoost Sync [Yes/No]","Total GPU Power (normalized) [% of TDP] [%]","Total GPU Power [% of TDP] [%]","GPU Memory Allocated [MB]","GPU D3D Memory Dedicated [MB]","GPU D3D Memory Dynamic [MB]","PCIe Link Speed [GT/s]","Total DL [MB]","Total UP [MB]","Current DL rate [KB/s]","Current UP rate [KB/s]","Total Errors []",
,,System,System,System,System,System,System,System,CPU [#0]: AMD Ryzen 5 1600,CPU [#0]: AMD Ryzen 5 1600,CPU [#0]: AMD Ryzen 5 1600,CPU [#0]: AMD Ryzen 5 1600,CPU [#0]: AMD Ryzen 5 1600,CPU [#0]: AMD Ryzen 5 1600,CPU [#0]: AMD Ryzen 5 1600,CPU [#0]: AMD Ryzen 5 1600,CPU [#0]: AMD Ryzen 5 1600,CPU [#0]: AMD Ryzen 5 1600,CPU [#0]: AMD Ryzen 5 1600,CPU [#0]: AMD Ryzen 5 1600,CPU [#0]: AMD Ryzen 5 1600,CPU [#0]: AMD Ryzen 5 1600,CPU [#0]: AMD Ryzen 5 1600,CPU [#0]: AMD Ryzen 5 1600,CPU [#0]: AMD Ryzen 5 1600,CPU [#0]: AMD Ryzen 5 1600,CPU [#0]: AMD Ryzen 5 1600,CPU [#0]: AMD Ryzen 5 1600,CPU [#0]: AMD Ryzen 5 1600,CPU [#0]: AMD Ryzen 5 1600,CPU [#0]: AMD Ryzen 5 1600,CPU [#0]: AMD Ryzen 5 1600,CPU [#0]: AMD Ryzen 5 1600,CPU [#0]: AMD Ryzen 5 1600,CPU [#0]: AMD Ryzen 5 1600,CPU [#0]: AMD Ryzen 5 1600,CPU [#0]: AMD Ryzen 5 1600,CPU [#0]: AMD Ryzen 5 1600,CPU [#0]: AMD Ryzen 5 1600,CPU [#0]: AMD Ryzen 5 1600,CPU [#0]: AMD Ryzen 5 1600,CPU [#0]: AMD Ryzen 5 1600,CPU [#0]: AMD Ryzen 5 1600,CPU [#0]: AMD Ryzen 5 1600,CPU [#0]: AMD Ryzen 5 1600,CPU [#0]: AMD Ryzen 5 1600,CPU [#0]: AMD Ryzen 5 1600,CPU [#0]: AMD Ryzen 5 1600,CPU [#0]: AMD Ryzen 5 1600,CPU [#0]: AMD Ryzen 5 1600,CPU [#0]: AMD Ryzen 5 1600,CPU [#0]: AMD Ryzen 5 1600,CPU [#0]: AMD Ryzen 5 1600,CPU [#0]: AMD Ryzen 5 1600,CPU [#0]: AMD Ryzen 5 1600,CPU [#0]: AMD Ryzen 5 1600,CPU [#0]: AMD Ryzen 5 1600,CPU [#0]: AMD Ryzen 5 1600,CPU [#0]: AMD Ryzen 5 1600,CPU [#0]: AMD Ryzen 5 1600,CPU [#0]: AMD Ryzen 5 1600,CPU [#0]: AMD Ryzen 5 1600,CPU [#0]: AMD Ryzen 5 1600,CPU [#0]: AMD Ryzen 5 1600,CPU [#0]: AMD Ryzen 5 1600,CPU [#0]: AMD Ryzen 5 1600,CPU [#0]: AMD Ryzen 5 1600,CPU [#0]: AMD Ryzen 5 1600,CPU [#0]: AMD Ryzen 5 1600,CPU [#0]: AMD Ryzen 5 1600,CPU [#0]: AMD Ryzen 5 1600,CPU [#0]: AMD Ryzen 5 1600,CPU [#0]: AMD Ryzen 5 1600,CPU [#0]: AMD Ryzen 5 1600: C-State Residency,CPU [#0]: AMD Ryzen 5 1600: C-State Residency,CPU [#0]: AMD Ryzen 5 1600: C-State Residency,CPU [#0]: AMD Ryzen 5 1600: C-State Residency,CPU [#0]: AMD Ryzen 5 1600: C-State Residency,CPU [#0]: AMD Ryzen 5 1600: C-State Residency,CPU [#0]: AMD Ryzen 5 1600: C-State Residency,CPU [#0]: AMD Ryzen 5 1600: C-State Residency,CPU [#0]: AMD Ryzen 5 1600: C-State Residency,CPU [#0]: AMD Ryzen 5 1600: C-State Residency,CPU [#0]: AMD Ryzen 5 1600: C-State Residency,CPU [#0]: AMD Ryzen 5 1600: C-State Residency,CPU [#0]: AMD Ryzen 5 1600: C-State Residency,CPU [#0]: AMD Ryzen 5 1600: C-State Residency,CPU [#0]: AMD Ryzen 5 1600: C-State Residency,CPU [#0]: AMD Ryzen 5 1600: C-State Residency,CPU [#0]: AMD Ryzen 5 1600: C-State Residency,CPU [#0]: AMD Ryzen 5 1600: C-State Residency,CPU [#0]: AMD Ryzen 5 1600: C-State Residency,CPU [#0]: AMD Ryzen 5 1600: C-State Residency,CPU [#0]: AMD Ryzen 5 1600: C-State Residency,CPU [#0]: AMD Ryzen 5 1600: C-State Residency,Memory Timings,Memory Timings,Memory Timings,Memory Timings,Memory Timings,Memory Timings,Memory Timings,Memory Timings,Memory Timings,CPU [#0]: AMD Ryzen 5 1600: Enhanced,CPU [#0]: AMD Ryzen 5 1600: Enhanced,CPU [#0]: AMD Ryzen 5 1600: Enhanced,CPU [#0]: AMD Ryzen 5 1600: Enhanced,CPU [#0]: AMD Ryzen 5 1600: Enhanced,CPU [#0]: AMD Ryzen 5 1600: Enhanced,CPU [#0]: AMD Ryzen 5 1600: Enhanced,CPU [#0]: AMD Ryzen 5 1600: Enhanced,CPU [#0]: AMD Ryzen 5 1600: Enhanced,CPU [#0]: AMD Ryzen 5 1600: Enhanced,CPU [#0]: AMD Ryzen 5 1600: Enhanced,CPU [#0]: AMD Ryzen 5 1600: Enhanced,CPU [#0]: AMD Ryzen 5 1600: Enhanced,CPU [#0]: AMD Ryzen 5 1600: Enhanced,CPU [#0]: AMD Ryzen 5 1600: Enhanced,CPU [#0]: AMD Ryzen 5 1600: Enhanced,CPU [#0]: AMD Ryzen 5 1600: Enhanced,CPU [#0]: AMD Ryzen 5 1600: Enhanced,CPU [#0]: AMD Ryzen 5 1600: Enhanced,CPU [#0]: AMD Ryzen 5 1600: Enhanced,CPU [#0]: AMD Ryzen 5 1600: Enhanced,CPU [#0]: AMD Ryzen 5 1600: Enhanced,CPU [#0]: AMD Ryzen 5 1600: Enhanced,CPU [#0]: AMD Ryzen 5 1600: Enhanced,CPU [#0]: AMD Ryzen 5 1600: Enhanced,CPU [#0]: AMD Ryzen 5 1600: Enhanced,CPU [#0]: AMD Ryzen 5 1600: Enhanced,CPU [#0]: AMD Ryzen 5 1600: Enhanced,CPU [#0]: AMD Ryzen 5 1600: Enhanced,CPU [#0]: AMD Ryzen 5 1600: Enhanced,CPU [#0]: AMD Ryzen 5 1600: Enhanced,CPU [#0]: AMD Ryzen 5 1600: Enhanced,CPU [#0]: AMD Ryzen 5 1600: Enhanced,CPU [#0]: AMD Ryzen 5 1600: Enhanced,CPU [#0]: AMD Ryzen 5 1600: Enhanced,CPU [#0]: AMD Ryzen 5 1600: Enhanced,CPU [#0]: AMD Ryzen 5 1600: Enhanced,CPU [#0]: AMD Ryzen 5 1600: Enhanced,CPU [#0]: AMD Ryzen 5 1600: Enhanced,CPU [#0]: AMD Ryzen 5 1600: Enhanced,CPU [#0]: AMD Ryzen 5 1600: Enhanced,CPU [#0]: AMD Ryzen 5 1600: Enhanced,ASRock AB350 Pro4 (Nuvoton NCT6779D),ASRock AB350 Pro4 (Nuvoton NCT6779D),ASRock AB350 Pro4 (Nuvoton NCT6779D),ASRock AB350 Pro4 (Nuvoton NCT6779D),ASRock AB350 Pro4 (Nuvoton NCT6779D),ASRock AB350 Pro4 (Nuvoton NCT6779D),ASRock AB350 Pro4 (Nuvoton NCT6779D),ASRock AB350 Pro4 (Nuvoton NCT6779D),ASRock AB350 Pro4 (Nuvoton NCT6779D),ASRock AB350 Pro4 (Nuvoton NCT6779D),ASRock AB350 Pro4 (Nuvoton NCT6779D),ASRock AB350 Pro4 (Nuvoton NCT6779D),ASRock AB350 Pro4 (Nuvoton NCT6779D),ASRock AB350 Pro4 (Nuvoton NCT6779D),ASRock AB350 Pro4 (Nuvoton NCT6779D),ASRock AB350 Pro4 (Nuvoton NCT6779D),ASRock AB350 Pro4 (Nuvoton NCT6779D),ASRock AB350 Pro4 (Nuvoton NCT6779D),ASRock AB350 Pro4 (Nuvoton NCT6779D),ASRock AB350 Pro4 (Nuvoton NCT6779D),S.M.A.R.T.: ST2000DM008-2FR102 (ZFL2K4LG),S.M.A.R.T.: ST2000DM008-2FR102 (ZFL2K4LG),S.M.A.R.T.: ST2000DM008-2FR102 (ZFL2K4LG),S.M.A.R.T.: ST2000DM008-2FR102 (ZFL2K4LG),S.M.A.R.T.: ST2000DM008-2FR102 (ZFL2K4LG),S.M.A.R.T.: ST2000DM008-2FR102 (ZFL2K4LG),S.M.A.R.T.: Lexar 256GB SSD (K41162J010535),S.M.A.R.T.: Lexar 256GB SSD (K41162J010535),S.M.A.R.T.: Lexar 256GB SSD (K41162J010535),S.M.A.R.T.: Lexar 256GB SSD (K41162J010535),S.M.A.R.T.: Lexar 256GB SSD (K41162J010535),S.M.A.R.T.: Lexar 256GB SSD (K41162J010535),Drive: ST2000DM008-2FR102 (ZFL2K4LG),Drive: ST2000DM008-2FR102 (ZFL2K4LG),Drive: ST2000DM008-2FR102 (ZFL2K4LG),Drive: ST2000DM008-2FR102 (ZFL2K4LG),Drive: ST2000DM008-2FR102 (ZFL2K4LG),Drive: ST2000DM008-2FR102 (ZFL2K4LG),Drive: ST2000DM008-2FR102 (ZFL2K4LG),Drive: Lexar 256GB SSD (K41162J010535),Drive: Lexar 256GB SSD (K41162J010535),Drive: Lexar 256GB SSD (K41162J010535),Drive: Lexar 256GB SSD (K41162J010535),Drive: Lexar 256GB SSD (K41162J010535),Drive: Lexar 256GB SSD (K41162J010535),Drive: Lexar 256GB SSD (K41162J010535),GPU [#0]: NVIDIA GeForce GTX 1060 3GB: ,GPU [#0]: NVIDIA GeForce GTX 1060 3GB: ,GPU [#0]: NVIDIA GeForce GTX 1060 3GB: ,GPU [#0]: NVIDIA GeForce GTX 1060 3GB: ,GPU [#0]: NVIDIA GeForce GTX 1060 3GB: ,GPU [#0]: NVIDIA GeForce GTX 1060 3GB: ,GPU [#0]: NVIDIA GeForce GTX 1060 3GB: ,GPU [#0]: NVIDIA GeForce GTX 1060 3GB: ,GPU [#0]: NVIDIA GeForce GTX 1060 3GB: ,GPU [#0]: NVIDIA GeForce GTX 1060 3GB: ,GPU [#0]: NVIDIA GeForce GTX 1060 3GB: ,GPU [#0]: NVIDIA GeForce GTX 1060 3GB: ,GPU [#0]: NVIDIA GeForce GTX 1060 3GB: ,GPU [#0]: NVIDIA GeForce GTX 1060 3GB: ,GPU [#0]: NVIDIA GeForce GTX 1060 3GB: ,GPU [#0]: NVIDIA GeForce GTX 1060 3GB: ,GPU [#0]: NVIDIA GeForce GTX 1060 3GB: ,GPU [#0]: NVIDIA GeForce GTX 1060 3GB: ,GPU [#0]: NVIDIA GeForce GTX 1060 3GB: ,GPU [#0]: NVIDIA GeForce GTX 1060 3GB: ,GPU [#0]: NVIDIA GeForce GTX 1060 3GB: ,GPU [#0]: NVIDIA GeForce GTX 1060 3GB: ,GPU [#0]: NVIDIA GeForce GTX 1060 3GB: ,GPU [#0]: NVIDIA GeForce GTX 1060 3GB: ,GPU [#0]: NVIDIA GeForce GTX 1060 3GB: ,GPU [#0]: NVIDIA GeForce GTX 1060 3GB: ,GPU [#0]: NVIDIA GeForce GTX 1060 3GB: ,GPU [#0]: NVIDIA GeForce GTX 1060 3GB: ,GPU [#0]: NVIDIA GeForce GTX 1060 3GB: ,GPU [#0]: NVIDIA GeForce GTX 1060 3GB: ,GPU [#0]: NVIDIA GeForce GTX 1060 3GB: ,GPU [#0]: NVIDIA GeForce GTX 1060 3GB: ,GPU [#0]: NVIDIA GeForce GTX 1060 3GB: ,GPU [#0]: NVIDIA GeForce GTX 1060 3GB: ,GPU [#0]: NVIDIA GeForce GTX 1060 3GB: ,GPU [#0]: NVIDIA GeForce GTX 1060 3GB: ,GPU [#0]: NVIDIA GeForce GTX 1060 3GB: ,GPU [#0]: NVIDIA GeForce GTX 1060 3GB: ,GPU [#0]: NVIDIA GeForce GTX 1060 3GB: ,GPU [#0]: NVIDIA GeForce GTX 1060 3GB: ,GPU [#0]: NVIDIA GeForce GTX 1060 3GB: ,GPU [#0]: NVIDIA GeForce GTX 1060 3GB: ,GPU [#0]: NVIDIA GeForce GTX 1060 3GB: ,GPU [#0]: NVIDIA GeForce GTX 1060 3GB: ,Network: RealTek Semiconductor RTL8168/8111 PCI-E Gigabit Ethernet NIC,Network: RealTek Semiconductor RTL8168/8111 PCI-E Gigabit Ethernet NIC,Network: RealTek Semiconductor RTL8168/8111 PCI-E Gigabit Ethernet NIC,Network: RealTek Semiconductor RTL8168/8111 PCI-E Gigabit Ethernet NIC,Windows Hardware Errors (WHEA),
